id	pdb_id	pdb	chain	sequence	lenghth	pLDDT_after	pLDDT_before	plddt_AlphaFold	tm_score_before_AlphaFold	tm_score_after_AlphaFold	lddt_before_AlphaFold	lddt_after_AlphaFold	tm_score_before_original	tm_score_after_original	lddt_before_original	lddt_after_original
A0A068EP60	6yf7_AA	6yf7	AA	MSITKYSESAGPIGQSIYTFTGVTVPAQYMPRLVATTTVNKAGTNIEYKIAVNYPLVSVVDGANVALNTIRANLSFTALQSVINTDEKLRVLDEIVSFITANKANIIDGNVLTVTP	116	57.06243119266056	44.714116972477065	85.72238532110092	0.56515	0.6899	0.7072233085828296	0.8011889460689345				
A0A097I2D0	7n8n_C	7n8n	C	MSKAGKKVKAQQHGHLADHVSVGETQIPKASTQHLLRKAGSLSAAGDTEVPIRGFVHMKLHKLVQKSLLAMQLAKRKTIMKSDVKKAAELMHLPVFAIPTKDSGAKGSVFLSCRQKGAGSAGTGSETNSQEVRSQMKSTCLIIPKERFRTMAKEISKKEGHDVHIAEAALDMLQVIVESCTVRLLEKALVITYSGKRTRVTSKDIETAFMLEHGPL	216		81.86775274056029	79.7199269183922	0.81715		0.808682705132904		0.76943			
A0A0A0U955	6djy_D	6djy	D	MIDLRLEEDILTATLPEFLSTRPKYRYAYTNTKQQDIRFQGPMRHVRLTHLYKQTKLWNLQYIERELAISEIDDALDEFIQTFSLPYVIEQGTYKYNMLLGMHAHNVNYQDDVSELIANNPQLLNYLDDNPFSAIFELVNVDLQIYQYGQNIFNNEAEHTILFLKDNTNYGVIQALQKHPFSATHINWHLHKHIFVFHSREQLLNKLLSAGLEDSQLYQRQKTYSTKRGDRPTERMVTYIEDDHIRRIQAVFPLLLDNIFDVKLHKDSSMTWLKSYADMIYDSVKNSNSTITPEIRKLYLRMYNQYMRIFLPIEQYMLYDNTCWPFSEKITLKINVRLISSRENQPVLWKTPIDTENLISIVQPDEPINKLNFTAIPSTMIRLNDNITMYRAVKDMFSAIEYLPDAIENIPTLTMKEQALSRYISPDSEAQNFFNNQPPYLNSIMNVNRQVFEAVKRGNIQVSTGSMEHLCLCMHVKSGLIVGRTVLIDDKVVLRRNFNASTAKMITCYVKAFAQLYGEGSLINPGLRMVFFGVETEPAIDILKLFYGDKSLYIQGFGDRGIGRDKFRTKIEDALTLRIGCDILISDIDQADYEDPNEEKFDDITDFVCYVTELVISNATVGLVKISMPTYYIMNKISSTLNNKFSNVAINIVKLSTQKPYTYEAYIMLSHGSTLTNKGYLRNPVCDVYLEKISLQPMDLKIISTISNEINYDKPTLYRFVVDKNDVTDVSIAMHILSIHCSTITTRSVMVRSDNTGAFVTMSGIKDMKRVAIMNRMTDGTSANSYMHEQNGKLYLQKVPYLEDLISAFPNGFGSTYQNDYDSSMSVINVNALIRQVVYRVISKSIPVALLESLSRIRIIGGRDLGEMNAVYKLYKTPIEVYDAVGITREYPHVQISYRAQRYSFTESIPNHTLLLANYVIMNDVDGAPISSLEQINTIKKIISKISLGSIAYIQVYTDIVARNINVMTKNDSFLISANADKTVFKVQVSGYKAVEMCNYEQLLQLVSDNTGVNIIKLTYQDVLESCVLSSGILGDTGSWLLDLVLASTYIIEIRG	1056											
A0A0A1IVS8	6yse_A	6yse	A	MKSPYEAAHERALMVNRLQKLTRMLRVHPDPKWKQEQQELIKRLKK	46		84.48098734177215	89.37372151898735	0.90924		0.9786605202737468		0.79824		0.9466393225038296	
A0A0X1KHD2	5bpe_A	5bpe	A	GPAFEFAVAMMKRNSSTVKTEYGEFTMLGIYDRWAVLPRHSKPGPTILMNDQEVGVLDAKELVDKDGTNLELTLLKLNRNEKFRDIRGFLAKEEVEVNEAVLAINTSKFPNMYIPVGQVTEYGFLNLSGKPTKRMLMYNFPTKAGQCGGVLMSTGKVLGIHIGGNGRQGFSAALLKHYFN	180		87.08662865288667	92.15936564504632	0.99644		0.9913293575348248		0.99047		0.9676976313195232	
A0A140UHM9	5c2n_O	5c2n	O	MSGFKFLFFSPDGTLYGVHNDKLYKGTPPTSDNDNWLARATLIGNGGW	48		83.3729255319149	91.60207446808508	0.94914		0.9617966464973404		0.91016			
A0A172JI16	7um0_c	7um0	c	MISNFRKFHGNKNQEKFNENLILNKENESILNYLDPICKTLEIIPEITYLGSSVEPINKVYKFNKEEKTSDIERSELQLIKMSFLIEKDDKKEEINKFIYFPKLIDSQYFIINGNRYYPIYQLLDSGTYRTNKALTLKTLLMPIVLREKKETFDDINGETHTMLNVDLDLFKSKVPFLIYFFSKFGFEGTLEYFGLQDLIHVLMKEDLDQLDEDEINDNVIFMITKNISLVVDKNFFSNKNNQIIIATLLNCFNTRIKIDKIYEKDYWVKKLGGYFTTNNSNKQEKGEGIILSFERILDEWTKKILRTEEKNKEDIYSVVRWMINNYLALVKQDNMNLANKRIRLYEYLLHPLLIKFSKGTYRVLNNRNSNKFEKIKTIFSNIQEGFLVKKIINNELLRYDNSVNSISLFTLILRYTQSGPQSPFSSNSTNNKLRGLHPSYLGRLGLTSTSAGDPGASGSLTPFLELPENSYMHFTEEPEINLNIDDISIDEVIES	496											
A0A1B3SN05	6exp_F	6exp	F	MNYKELEKMLDVIFENSEIKEIDLFFDPEVEISKQEFEDLVKNADPLQKVVGDNYITETFEWWEFENQYLEFELDYYVKDEKIFVLEMHFWRKIRK	96		79.99014134275619	90.99605418138988	0.9804		0.9767103864200568		0.93417			
A0A1L3KI27	6yfg_BM	6yfg	BM	MSKPIAIFKLRELSSDSTLFTLPGHSVTLPNTLGIVSHLPTPRKGNPGTVKTMRNLRKTILLGAGTASERAVPIVIKTETSFPVGTTEEDRAEVLKQMASFLIEEVKNNQELAYSGYVQDKYFIEDLVITE	131	42.50216748768473	34.12075862068966	84.63170443349753	0.30583	0.34008	0.446377903646127	0.5741783879189486				
A0A1L3KI37	6yfd_AD	6yfd	AD	MTKRNRNNQARGQLYMGQQGPVQSSRTTFGVNPDRQANARPVYLAPAAPMENTYTYLGSIQFAAGRHIFGEPASNVLPPQNIVPGVPTKHGEYVTTNTGDRLMASSTTVTRDVSNGRTKVSIDIPYYDRNAVETLKASAIPGAVAPVGSFKVNVEVLGGGVLTGTDANAQFALDELLSNMLMDAARIAQDGPKNTARLVAASHGVMPQA	209	49.14405266538214	35.659672447013484	80.25765574823379	0.29492	0.39009	0.4230095278806665	0.4185999322323367				
A0A1L3KI97	6yff_AV	6yff	AV	MPKIANIVINDGTKDITLQPVNIDREGVAHFREKDVSILEAIRLTVQLRQPSVNGNVYRCKAKLVVPVVEVVGNVRTTVRTLTETTEVLFTQDSLGTERQRVANLTKSLAGHATLMSVVQDASPIYG	127	67.4239099283521	50.1211361310133	83.17510747185261	0.62336	0.52517	0.6915007722838857	0.6546101628000744				
A0A1L3KIU2	6yfu_AA	6yfu	AA	MSIKYIFKKTDTLPRSVIGNVLRTTGPDTTVYSLPGHTPVNPFTLTAVSRLPVPRKGNAGTTKTTLSLRREVTINKGTDQEKIVPMIARIETSVPVGVSQDDFKAMIEGLACPLLLDEIHVNDLFLSGLPIATTDVPDNEPLPPALL	147	46.566810035842295	37.97578853046595	84.32373655913977	0.36224	0.34974	0.5809224030051471	0.5614152306425327				
A0A1L4BKA3	6g42_B	6g42	B	MKQYIWLNETIKSNKQLAGPRGSYKRPVSVDIFRSSTILDPDKNYLLIVEEFHLHKIRLPLFKPAGHDYQVGIFNRSTDEIMGVREVDFSTFVDEDGYMYDYVDVGTAINETLAGLCDGIIGEEDIPVFSFNKHSKKFEITTTENFRNGHFIMFNDDMRVDFNSFEFDDIDEEYSLVILNEDVETQDASTLEFLTPISHIVIESNDLPVSYELLPSISKNTTISDNTGVFLTNYKYLQQNNQDYNSILFRVENSSNKYHNILQTNFNRFNLSFTIYDYDNEKHPLTLLPQTVIQLKLLFESID	303	67.56449578143834	62.27294495781439	85.92896745680997	0.77658	0.79143	0.7119107648406865	0.7214549290434655	0.75701	0.76568		
A0A1P8CWQ8	6i5o_A	6i5o	A	MELLTETTENVVITIPDKTSFTFHEAATSPSEGEEFVVGHFRELTVKISGSSTSREIKFYAVDENGEKTALSGTNKTDFQLGSSTLNTNEYWDFDIAGLFKVMFEVVSVTGDVTVKGIVVS	121		79.22476956055733	91.06540192926045	0.84237		0.9032407186823828		0.8625		0.344688614596818	
A0A4D6WFR4	6nys_A	6nys	A	MEKYTIKETILTFNNEFNDPLDKYYKILSNPKIDTIEFGEKFNQEIDHLIPSNIKVIKFGWTSEFNKDVNFLTESLTEIYYGIYKNHSLEELQNLPKSLLKLKLGDVFNQEIVENVLPGGLTHLTFGEEFNQKIVENVLPGGLTHLTFGEEFNQKIVENVLPNSLTHLSFGDCFNQKITENVLPNSLTYLEFGRNFNQKITENVLPNSLTHLTFGWYFNQQITENVLPNSLTYLEFGRNFNQQITENVLPNSLTYLEFGRNFNQQITENVLPNSLTHITFGNNFNQIITENVLPNSLTHLTFGNNFNQIITENVLPNSLTHLTFGDDFNQIITENVLPNSLTHLTFGDDFNQIITENVLPNSLTHLTFGDDFNQIITENVLPNSLVHLSFGCEFNQEIAEKVLPNSLTYLELGHNFNQKIIENVLPNGLVHLSFGCKFNQEIVENVLPDSLTHLSFGHCFNQKITENVLPNSLTYLELGHNFNQKIIENVLPDRLTYLELGHDFNQKIMENVLPNSLTHLIFGTSFNQNLTENVLPNSLTHLTFGTCFNQKIIENVLPNSLTHLEFGPKFNQKITENVLPNSLTHLTFGTSFNQKITENVLPNGLTYLTFGLRFNQKITENVLPCSLTHLTFGWYFNQELTENVLPDTLKVLKIYYGNKDIILKNIDTSKIKFKIEYFNKN	681											
A0A4Y5TPY8	6j3q_9	6j3q	9	MPLVYTPAVRGGANPASGSYLLDPQYVNSGVDILQATYGYNINGTANADQLLQRDAILAILEYALKDTAFVNAIQAVAAGSGVTTPASFVSACVTKLTA	99	57.42336122733613	43.57422594142261	69.2876150627615	0.42957	0.39424	0.5665354192973681	0.620791039642484	0.33937	0.40052		
A0A4Y5TR23	6j3q_Z	6j3q	Z	MAKLNLAVLNNVFSELLTQEINRSATFLGLLSKYPERKSNIQWGVGMGGTTATGVAITGSAPAASMDATLPAQLPISAASVQSTFTLNLKEIEESKEQVTNEELRNLLEAQMRNAVEEIATTLNKKLYDGSGAIADGGLIGLSIAASGQDYAGISSATYPLWNVSEVDAWDANATGTDKRQALKTDFMLELDRKIRYRPGAYDLILTTPKVVEQYKKVFEANRSYQIMTFDGQRVPLIDLGFNVAGYMGRPIIDDVFCSRTRTAAESAITTALGTAVDEGVMYFLKKDDLRFYSTPVVGAFSANGVYTLMRQLAQTSLYVDNFVVGCIPQLQLTTRKNVGVIKNIKVG	348		75.7002331703648	78.18679578789019	0.8887		0.8193911984450559		0.77191			
A0A4Y5TR47	6l2w_B	6l2w	B	MFVRLSYHSFDYLFNLFDAGVIDLNTKCPVSLSEIEDYDNFGWLELTAENLENVCEYCAKLGIEANGSLGDFRYWYSGDMSYHLELKSDQSENLEVKIREINLKLKELELIKNEC	115	52.559204665959705	36.92737009544008	90.0544750795334	0.35281	0.33498	0.3509440983734628	0.366995283269725	0.32348	0.33374		
A0A7S6TBI0	6eh1_C	6eh1	C	WGSGDEHGKELFNTVLDPGLRFYDQDYEGQITPMEYVTGLYNFWSGPIELRFDFVSNAFHTGTVIISAEYNRSSTNTDECQSHSTYTKTFHLGEQKSVHFTVPYIYDTVVRRNTASAYLPVTDYDKVDNVSRAQAMGIRAESKMRVKVRVVNVLRPVASTTSTIEVLVYMRGGKNYALHGLKQSTYWPSNSVVPIDSFPPDGYDPVKPPNRSRRELVSPDSDGGK	225	63.43344308035714	62.35485491071428	77.55500558035715	0.72793	0.71233	0.7848235047217336	0.773571615114206	0.71501	0.69531		
A0A8I3AZS7	6zp9_B	6zp9	B	GTGDGSMSTPAPAFDRDQILLHLSLLRKDIATTRYRAIWPRREDKVKAWTTPLTGATVQDAVTQGFNSYIVVGDGGDSDAEITSVNAIFGEWDDGDLAWQVGAWEACGLPRPSFQLRTGGKSIHHYWVFHSPVDVPAWTELQARLIALAGFDTTNRNPSRVMRLAGCPHQRTGEVAQIFNATGELYDPGQMLQVLP	196		90.4606912442396	89.5502896642528	0.95605		0.952928784459416		0.92721			
A0A8S5KXG6	6yfc_AC	6yfc	AC	MRLTDVDLTVGEETREYAVSEQQGTLFRFVDKSGTVANNTGVFSLEQRFGAANSNRKVTMLLTDPVVVKDASGADMTIKANASVTFSLPKTYPNEHITKLRQTLIAWLGQQCVSDPVDSGLNNY	124	50.28556603773585	42.741037735849055	55.96186582809224	0.60788	0.49619	0.6261748086425641	0.4707411528562986				
A0A8S5KXN8	6yfb_EC	6yfb	EC	MSYTQSFGYTIPTEKDTLEIPQYQALLAKKASYMDDSQGKNTATYMNTAAPKDQPETITFGVNKVDNVYKQSNVQNQTFYASSSKGTKIRIDGKRIWRTQSTDVNTGLPVIVDCPLWTSFTLGFADFTLVDDSARKSTIEWMISQLELLKDDGVWSKLCSGVTRIYG	167	46.79165527714503	30.08541381928626	73.93967350037967	0.26918	0.2841	0.4443984530154904	0.4135485983747439				
A5H7Q8	6ab6_C	6ab6	C	MKRKPNSNQNNNNNRGNGNGLRRVRGGRVSRRRVVINQSNQSMPVTSNGAPLQALTSYSRPNVNKISRLGPDSDFLTSVVAKASTSIVTPADRILVKQPLSASSFPGTRITGLSSYWERYKWLSAVARYVPAVPNTVACQFVMYIDTDPLDDPSNISDDNQIVRQAVSQAGSNQFNFNTSKTVPLIVRADNQYYYTGVDKQNLRFSLQGILYIIQVTDLINFNGELITQDLTCGSLFLDWLVNFSIPQINPTSLTDVRVDKAVNFIKPEVSGVAEIQTVTGLSPSTSYLLTPAFLEQNFQSEAGIYILSATPVEGEGTISINMDPTVTTVSGFIKVKTDTFGTFDLSVVLTTASKKQTTGFNIIAATS	368	73.5814467184192	66.31873323923783	79.5080698659139	0.66455	0.73895	0.777973902385878	0.8530926593600839	0.62712	0.69095		
A7XXR5	6o3h_H	6o3h	H	MDKIQLFRTIGRVQYWERVPRLHAYGVFALPFPMDPDVEWGNWFAGPHPKAFLVSVHPSGPKAGHVYPTDLSDPDSVANVIGMVLDGHDYEADHNVTVTLRAAVPIEYVQQGIEAPPLQPDPAVLNAAPQLKLKVIKGHYFFDYTR	146	60.52581034482759	32.51116379310344	76.53033620689655	0.3296	0.7059	0.3221603107985403	0.6668707128570872	0.33501	0.70634		
D0EZK7	7whm_A	7whm	A	MEINRAEIRREITRYTGLIEQQTQLNISDNDENILKTLIADYNLRMRRDALLGELARLDELRDISQVKGVEYKVTIPLLPVISTLNQHEFEITQANIETDFIADNVTFVTSFVPADLDLEQTIQRVFFRTTATTPHFQSFNLVIEILNYDQDSGDVELHVKIMIVRPNSDVVNYDYTWIGKDYERISVCYNLISHLQRIDGPHGRDDEAEMPIYRIIRRDSGSIPSYASGEHLYVISSHLHVDEIVRRREHKSISVDVTQLSLILPIIRTFNPVDLREVRIEDITPGIEFTINMEVSTYLAESSGSHVDMQRAIMNHADKIVGNYTGQQWNVQSNMLSEVRTQMLEEEDEEARQRGDYTTSTLVQTMAQVSDLFSSTILYRRAEARLDNTVGAFELLRPVLSIPSEYVHNGRVGPITNIPANASIVTSSSSGAGQVRNIFKPIGDQTINESHFANVFSNDEYAIYLRFSYRQAPVQSETVYLQQNLPSMRIVSPSSVSTTVSTAVIGGNTIHINCPIRPHREDRLVSGGVQVPRQSTAVEIRVQEILIGYRQATTFPIDTEGRLSLELMYGLESRSAVGNTMSPVRFVTVNDGEFFGLTCPIDLTLSTVVDPSSYLSDGVILVATAFEDLRGYAWVATLGGDWPRTYNSSMRAFNVLTGGDINLSTEYGSEMTYTFKVELPIVYMFNNMTVISNNVPRVPVLGVTYASIYQDSRTELEARRFLQTLVFRIHGNWSARIPYTPGNLPTRNTANQHQDIQQVINDSISQELGRLSDELLNMKNRLDHLERQFEMFIQSQESEWWEILLNVVMDTVLGYFSTFAGNALKSAQQAISKAVGYTRRVLMTVTKTMRNGPIFTRLLGAKNLSGQALASLETLVESVLRSINVKKSRFMSGAEPLYKNNKVAQHIDNTEKMNMMMDFSFANRNNRQNITADTLSRMHTQNAHGTSDTVLPAMRVYYRPLGFLDKRVGEALHKGITRPEALKKQLRSDVANVGTRAPSHAFMTYTDVLYEDAGSYIVSKRYLGIGELNRFGRTTSDKNADIGGVNIKYRVNKITADGKYIIDRLSHTESGYTAADVDRLYRSLFGKQGDGLSTEQKWMDISRGVDAKIISADMVSEEFLSSKYTGQMIDELINSPPQFNYSLIYRNCQDFVLDVLRVAQGFSPSNKWDVSTAARMQQRRVISLMDDLMSESETFARSAHSNHSLLQQIRRSYVKARKRGDLHTVKALQLRLKGFFQI	1239											
E3SMK9	5hi8_B	5hi8	B	MIDKFCDWFEGEFDNWTQAASNPTKWAHIIVKHEKISEYKYHTSSRYSYMDKPYREQTVDIEYVCPELIIVHNPACDIIFKWTGIYFEGESEPDCQWNGQPLDSKARLYADEYHTWDVGYWEGSEGFFHFKKNV	134		79.30057117750438	92.79376098418275	0.96291		0.9459921355568645		0.9345			
E3T5W0	7zal_FFF	7zal	FFF	MTLVIKTNEDLNKLNDNIHTLTIGANFNQPIEHIKWPKLLTTLTFEWYFDQPIENVKLPDSLTTLTFGYSFNQPIEKVKWPKTLAFLTFGYKFNKPIEKVKWPDSLTTLIFEENSLFDQSIEKIKWSNSLTTLIFGWNFNQPIENVEWPESLTTLVFNEDSIFNQPIENVKWPKLLKTIIFGCHFNHPIENVKWPGSLTTLIFGDDFNQPFENVILPKSLTNLTFGPNFNQPLNFLPESLKNITITTNYQQNLYNLPSSLNCIKIISYKRTYEHIVNVLPEHLKKKVIKI	290		93.76380714879468	87.89682460515378	0.9424		0.9149494723334196					
G5DEI1	7dqg_A	7dqg	A	MLVINVVEDKIPANVYPELVEWVRDLNSIREEPIKLTMFVEDDIVRGIMAWEPGHLVYMVVPEESRRGGVGRFMLKYLQQNSDRKHVSCRVHPTNIPALGFFHQQGFQIDRWYIAADGQRYFRMTNYNVISSHTPPEEKLLTHYAESVPIFLSMAEGQFV	160	65.14488956587967	64.03724295506473	86.03224676313785	0.73557	0.71362	0.8198951403326843	0.811296241804183	0.71722	0.69973	0.8122450152478878	0.7866067024519952
M1E1E4	2m7w_A	2m7w	A	GYIPEAPRDGQAYVRKDGEWVLLSTFLGSSGNEQELLELDKWASLWNWFNITNWLWYIK	59	72.9662124248497	57.8023246492986	85.1049498997996	0.45385	0.44467	0.8334667305965255	0.7955797228413177	0.37369	0.49801	0.72900182577042	0.7152866116870812
P14739	2j8x_B	2j8x	B	MTNLSDIIEKETGKQLVIQESILMLPEEVEEVIGNKPESDILVHTAYDESTDENVMLLTSDAPEYKPWALVIQDSNGENKIKML	84		84.45773071104387	90.64586989409985	0.97682		0.9682957415781356		0.95433			
P27378	1n7u_A	1n7u	A	MANFNVPKLGVFPVAAVFDIDNVPEDSSATGSRWLPSIYQGGNYWGGGPQALHAQVSNFDSSNRLPYNPRTENNPAGNCAFAFNPFGQYISNISSAQSVHRRIYGIDLNDEPLFSPNAASITNGGNPTMSQDTGYHNIGPINTAYKAEIFRPVNPLPMSDTAPDPETLEPGQTEPLIKSDGVYSNSGIASFIFDRPVTEPNPNWPPLPPPVIPIIYPTPALGIGAAAAYGFGYQVTVYRWEEIPVEFIADPETCPAQPTTDKVIIRTTDLNPEGSPCAYEAGIILVRQTSNPMNAVAGRLVPYVEDIAVDIFLTGKFFTLNPPLRITNNYFADDEVKENTVTIGNYTTTLSSAYYAVYKTDGYGGATCFIASGGAGISALVQLQDNSVLDVLYYSLPLSLGGSKAAIDEWVANNCGLFPMSGGLDKTTLLEIPRRQLEAINPQDGPGQYDLFILDDSGAYASFSSFIGYPEAAYYVAGAATFMDVENPDEIIFILRNGAGWYACEIGDALKIADDEFDSVDYFAYRGGVMFIGSARYTEGGDPLPIKYRAIIPGLPRGRLPRVVLEYQAVGMSFIPCQTHCLGKGGIISKV	591											
P27384	6q5u_S	6q5u	S	MNVNNPNQMTVTPVYNGCDSGEGPQSVRGYFDAVAGENVKYDLTYLADTQGFTGVQCIYIDNAENDGAFEIDVEETGQRIKCPAGKQGYFPLLVPGRAKFVARHLGSGKKSVPLFFLNFTIAQGVW	126	66.11746900826446	50.165444214876025	87.4505061983471	0.66526	0.70902	0.6214288738669032	0.6455251944696673	0.64941	0.69768		
Q331T6	6tey_A	6tey	A	MAVNKNEYKILIMLKENQCTTELKSFTYTKLCNISKLSMSTVRRSIKKFLELQYVKEGCKQGISKTFYITPNGIEKLKSIM	81		88.10367938931299	94.01584732824428	0.97783		0.9694060553653822		0.73482		0.7450491574549114	
Q4U5S0	5a96_A	5a96	A	MENSARQVAQDTRELHLLQHIKSDQSYIYVFVFLYYRDHSVRVWKLTNPVSISETLDYDDLINNVNRCKSAREPAIYYREGITGNDAGDSIIDKAYCEPVSFMIVACGDVDIQTIEVNIQGYDEIEGVGILDSNVTPPYAITATKFERKTSGGYIFYTYCGLFGHGDRGHPTMAVGVEKKNRNAFGRMHPMYVAANYKRRNFWAKKDWWFPTEGQMVEQFIKQQSIPYVTADNVMIAPCVREIRHHAHY	249	34.457743691241966	26.84301335972291	74.86127164769916	0.3531	0.31069	0.3420616648789596	0.3078911250500972	0.33859	0.31241	0.318626250504001	0.2863379738361659
Q6Q0J0	3j31_M	3j31	M	MGEIYTETLQQTYAWTAGTNIPIKIPRNNFIRKIRVQLIGSISNSGTAAVTLPSAPFPYNLVQTFNLSYEGSKTLYSVSGTGLGILMYYTTKGQNPAYPAPGTSVPASGSVNLNVMWEFDLARFPATMVQNIILSILTGQAPSGVSINASFYITITYERVTAQEILSEGGLGADGEMPLATVLPKVIEIPTFNVPASSAPIHVAYLQPGQIYKRQLVYVINSTSGINNTDPTEYELKIVRGVPTDKIKVSWAALQAENQAEYQVAPYSGASAIIDFRKYFNGDLDLTHAPSDSIEYDLALQNQDNVYSLYVSYVLPYYDQLAALPAQVAAIVQQYVARQKRRIKR	345		83.05742611298167	73.56869809203143	0.90297		0.8223615014090986		0.91399			
Q6Q0L4	3j31_Q	3j31	Q	MGEVFKEVKEKFERYKFDVVYVDREYPVSSNNLNVFFEIGERNSFSGLLINEGQAVIDVLLLKKSHEGLSPIPGEGTGIQLSAGQILKFYNVPIAEIIVEYDPSNVSGVSSNVKLKGTIHPLFEVPSQISIENFQPTENYLIYSGFGTSLPQTYTIPANGYLIISITNTSTGNIGQITLTIGSTTMTFNLQTGENKIPVIAGTQITNLTLTSSSAILIYEEVI	223		72.51139211136892	58.634147331786544	0.47167		0.6277020945680765		0.49002			
Q6ZYF6	2x5r_A	2x5r	A	MARVGPKIEITHGGKKYTVFSKVTHLVPRTENGEEAEYVVFGPEKEGVISVVVLAPKDLNEEALALRVKWFNDTKPRCVKCGAAYNGKNHFRVVAIRNGTYYLDAVCDKCEPRITWLSAIVIGRS	125	46.25618367346939	38.70410204081632	86.30511224489797	0.28939	0.33629	0.3422385027881401	0.3850774000583945	0.28712	0.3299	0.2752234067261493	0.2788917872415262
Q7Y3F3	4f88_G	4f88	G	MSKINVNVENVSGVQGFLFHTDGKESYGYRAFINGVEIGIKDIETVQGFQQIIPSINISKSDVEAIRKAMKK	72	58.28875222816399	48.77135472370767	60.63586452762924	0.46501	0.36977	0.5136489711776735	0.3686964310351016	0.31946	0.34711		
Q8LTE2	7lhd_M	7lhd	M	MPKLPRGLRFGADNEILNDFQELWFPDLFIESSDTHPWYTLKGRVLNAHLDDRLPNVGGRQVRRTPHRVTVPIASSGLRPVTTVQYDPAALSFLLNARVDWDFGNGDSANLVINDFLFRTFAPKEFDFSNSLVPRYTQAFSAFNAKYGTMIGEGLETIKYLGLLLRRLREGYRAVKRGDLRALRRVIQSYHNGKWKPATAGNLWLEFRYGLMPLFYDIRDVMLDWQNRHDKIQRLLRFSVGHGEDYVVEFDNLYPAVAYFKLKGEITLERRHRHGISYANREGYAVFDNGSLRPVSDWKELATAFINPHEVAWELTPYSFVVDWFLNVGDILAQQGQLYHNIDIVDGFDRRDIRLKSFTIKGERNGRPVNVSASLSAVDLFYSRLHTSNLPFATLDLDTTFSSFKHVLDSIFLLTQRVKR	420											
Q914J4	6wq2_a	6wq2	a	MAGRQSHKKIDVRNDTSTRYKGKLYGIFVNYMGEKYAQQLVENMYSNYNDVFVEIYNKMHNALRPTLVKLAGAGATFPLWQLVNEAIYAVYLTHKETASFLVTKYVARGVPAMTVKTLLAEVGNQLKELVPAVAEQIGSVTLDHTNVVSTVDNIVTSMPALPNSYAGVLMKTKVPTVTPHYAGTGTFSSMESAYKALEDIERGL	204	59.74775883838384	46.42206439393939	80.90080176767677	0.45312	0.40504	0.6367687736207045	0.6158218097253348	0.43109	0.40058		
Q9AZ42	5lqp_AD	5lqp	AD	MANKPMQPITSTANKIVWSDPTRLSTTFSASLLRQRVKVGIAELNNVSGQYVSVYKRPAPKPEGCADACVIMPNENQSIRTVISGSAENLATLKAEWETHKRNVDTLFASGNAGLGFLDPTAAIVSSDTTA	131	40.87919469928645	33.054984709480124	88.24779816513761	0.30136	0.37799	0.3888395163630871	0.4335914921859126				
U5PWD2	7xml_D	7xml	D	MNQVQVLREEYVEGYVVQMWRRNPSNAPVIEVFTEDNLEEGIIPEYVTANDDTFDRIVDAVEFGYLEELELV	72		73.7669191919192	77.15306397306396	0.96369		0.9458573361530423		0.7303			
UPI00001103C9	1vsm_A	1vsm	A	PLREPRGLGPLQIWQTDFTLEPRMAPRSWLAVTVDTASSAIVVTQHGRVTSVAAQHHWATAIAVLGRPKAIKTDNGSCFTSKSTREWLARWGIAHTTGIPGNSQGQAMVERANRLLKDKIRVLAEGDGFMKRIPTSKQGELLAKAMYALNHFERGENTKTNL	162		77.71740652346857	87.06391408114558	0.93044		0.9230975484470312		0.86041		0.2519836144282755	
UPI0000110422	1a92_D	1a92	D	GREDILEQWVSGRKKLEELERDLRKLKKKIKKLEEDNPWLGNIKGIIGKY	50		82.3185308056872	94.1473933649289	0.88006		0.9832733538391432		0.90808			
UPI0000110439	1aa0_A	1aa0	A	VSGLNNAVQNLQVEIGNNSAGIKGQVVALNTLVNGTNPNGSTVEERGLTNSIKANETNIASVTQEVNTAKGNISSLQGDVQALQEAGYIPEAPRDGQAYVRKDGEWVLLSTFL	113		80.77644657863145	95.09204081632654	0.77535		0.8286144699997676		0.71994			
UPI0000110689	1avy_A	1avy	A	VEESGLTNKIKAIETDIASVRQEVNTAKGNISSLQGDVQALQEAGYIPEAPRDGQAYVRKDGEWVLLSTFLSPA	74		85.25832442067735	90.22269162210338	0.66512		0.9297103873350676		0.59399			
UPI0000110743	1b35_A	1b35	A	VMGEDQQIPRNEAQHGVHPISIDTHRISNNWSPQAMCIGEKVVSIRQLIKRFGIFGDANTLQADGSSFVVAPFTVTSPTKTLTSTRNYTQFDYYYYLYAFWRGSMRIKMVAETQDGTGTPRKKTNFTWFVRMFNSLQDSFNSLISTSSSAVTTTVLPSGTINMGPSTQVIDPTVEGLIEVEVPYYNISHITPAVTIDDGTPSMEDYLKGHSPPCLLTFSPRDSISATNHIITASFMRALGDDFSFMYLLGVPPLVNVARA	260	66.60803747534516	66.37934418145956	77.2272238658777	0.82662	0.82009	0.8050027685671647	0.7751379194168381	0.78821	0.79259	0.736847439067827	0.717029728697129
UPI0000110744	1b35_B	1b35	B	ENSHIENEDKRLTSEQKEIVHFVSEGVTPSTTALPDIVNLSTNYLDKNTREDRIHSIKDFLSRPIIIATNLWSVSDPVEKQLYTANFPEVLISNAMYQDKLKGFVGLRATLVVKVQVNSQPFQQGRLMLQYIPYAQYMPNRVTLINETLQGRSGCPRTDLELSVGTEVEMRIPYVSPHLYYNLITGQGSFGSIYVVVYSQLHDQVSGTGSIEYTVWAHLEDVDVQYPTGANIFTGNEAYIKGTSRYDAAQKAHAA	255	69.48187345526446	61.031136925358375	85.6616164112704	0.16934		0.2531340691173371		0.16058	0.68217		
UPI0000110745	1b35_C	1b35	C	SKPTVQGKIGECKLRGQGRMANFDGMDMSHKMALSSTNEIETNEGLAGTSLDVMDLSRVLSIPNYWDRFTWKTSDVINTVLWDNYVSPFKVKPYSATITDRFRCTHMGKVANAFTYWRGSMVYTFKFVKTQYHSGRLRISFIPYYYNTTISTGTPDVSRTQKIVVDLRTSTAVSFTVPYIGSRPWLYCIRPESSWLSKDNTDGALMYNCVSGIVRVEVLNQLVAAQNVFSEIDVICEVNGGPDLEFAGPTCPRYVPYAGDFTLADTRKIEAERTQEYSNNED	282	67.03901383311022	65.55876394466756	86.26475680499777	0.7543		0.780520148296624		0.75813	0.79145		
UPI0000110C7D	1chc_A	1chc	A	MATVAERCPICLEDPSNYSMALPCLHAFCYVCITRWIRQNPTCPLCKVPVESVVHTIESDSEFGDQLI	68		73.94001890359169	80.04461247637049	0.77262		0.8733888762044001		0.66706		0.7130229803139292	
UPI0000110EA9	1d3e_2	1d3e	2	SDRIIQITRGDSTITSQDVANAVVGYGVWPHYLTPQDATAIDKPTQPDTSSNRFYTLDSKMWNSTSKGWWWKLPDALKDMGIFGENMFYHFLGRSGYTVHVQCNASKFHQGTLLVVMIPEHQLATVNKGNVNAGYKYTHPGEAGREVGTAAAAEKQPSDDNWLNFDGTLLGNLLIFPHQFINLRSNNSATLIVPYVNAVPMDSMVRHNNWSLVIIPVCQLQSNNISNIVPITVSISPMCAEFSGARAKTVVQ	252	61.06933299389002	59.556659877800406	86.00223014256619	0.83518		0.692010653040733		0.82715	0.82409		
UPI0000111269	2ebo_C	2ebo	C	GLRQLANETTQALQLFLRATTELRTFSILNRKAIDFLLQRWGGTCHILGPDCAIEPHDWTKNITDKIDQIIHDF	74		85.29044925124792	92.74678868552414	0.93717		0.9224472568502544		0.89803			
UPI0000111489	1ezj_A	1ezj	A	MENTSSMKEMATLLTSLGVIQSAQEFESSRDASYVFARRALKSANYAEMTFNVCGLILSAEKSSARKVDENKQLLKQIQESVESFRDIYKRFSEYQKEQNSLLMSNLSTLHIITD	115	76.18814207650273	60.77617486338797	83.92760655737706	0.62151		0.7293266368172275		0.56849	0.51934	0.7317328350953952	0.7877879983506774
UPI0000111496	2ezi_A	2ezi	A	MNVHKSEFDEDAWQFLIADYLRPEKPAFRKCYERLELAAREHGWSIPSRATAFRRIQQLDEAMVVACREGEHALM	75		79.37499999999999	72.90757234726689	0.7169		0.7822475126759021		0.72206			
UPI0000111497	2ezk_A	2ezk	A	MIARPTLEAHDYDREALWSKWDNASDSQRRLAEKWLPAVQAADEMLNQGISTKTAFATVAGHYQVSASTLRDKYYQVQKFAKPDWAAALVDGRGASRRN	99	79.78517766497463	63.35758883248731	74.53416243654821	0.71422	0.81397	0.7892110927641105	0.842448964071168	0.6624	0.75581	0.4304236945974562	0.434447420565116
UPI0000111531	1f5q_B	1f5q	B	MASQEFQGFLDSSLLNEEDCRQMIYRSEREHDARMVGVNVDQHFTSQYRKVLTTWMFCVCKDLRQDNNVFPLAVALLDELFLSTRIDRENYQSTAAVALHIAGKVRAYMPIKATQLAYLCGGATTADKLLTLEVKSLDTLSWVADRCLSTDLICYILHIMHAPREDYLNIYNLCRPKIFCALCDGRSAMKRPVLITLACMHLTMNQKYDYYENRIDGVCKSLYITKEELHQCCDLVDIAIVSFDENYFKINA	252		88.86708929452392	84.98825357671436	0.94123		0.8916641377652724		0.90363			
UPI00001116C9	2pbk_A	2pbk	A	MAQGLYVGGFVDVVSCPKLEQELYLDPDQVTDYLPVTEPLPITIEHLPETEVGWTLGLFQVSHGIFCTGAITSPAFLELASRLADTSHVARAPVKNLPKEPLLEILHTWLPGLSLSSIHPRELSQTPSGPVFQHVSLCALGRRRGTVAVYGHDAEWVVSRFSSVSKSERAHILQHVSSCRLEDLSTPNFVSPLETLMAKAIDAGFIRDRLDLLKTDRGVASILSPVYLKA	230		71.22160472972973	90.04968468468468	0.83756		0.7335373051887146		0.82257		0.7099314957854543	
UPI00001116D2	2fmb_A	2fmb	A	VTYNLEKRPTTIVLINDTPLNVLLDTGADTSVLTTAHYNRLKYRGRKYQGTGIGGVGGNVETFSTPVTIKKKGRHIKTRMLVADIPVTILGRDILQDLGAKLVL	104		81.0486875	86.80380000000001	0.97803		0.9610983681961284		0.96776		0.9518753373059676	
UPI0000111753	1fr5_C	1fr5	C	ASNFEEFVLVDNGGTGDVKVAPSNFANGVAEWISSNSRSQAYKVTCSVRQSSANNRKYTVKVEVPKVATGVELPVAAWRSYMNMELTIPVFATNDDCALIVKALQGTFKTGNPIATAIAANSGIY	125	50.06208333333333	40.87983974358974	87.48602564102562	0.31576		0.567240988088719		0.31081	0.55659		
UPI0000111919	1gh6_A	1gh6	A	SHMREESLQLMDLLGLERSAWGNIPLMRKAYLKKCKEFHPDKGGDEEKMKKMNTLYKKMEDGVKYAHQPDFGGFWDATEIPTYGTDEWEQWWNAFNEENLFCSEEMPSSDDEAT	114	66.63561702127659	63.09340425531914	68.40572340425533	0.82327	0.8083	0.8566076537294105	0.8483027005687429	0.65122	0.65698	0.4642564559036886	0.4632475520051718
UPI0000111AC2	2h9h_A	2h9h	A	STLEIAGLVRKNLVQFGVGEKNGSVRWVMNALGVKDDWLLVPSHAYKFEKDYEMMEFYFNRGGTYYSISAGNVVIQSLDVGFQDVVLMKVPTIPKFRDITQHFIKKGDVPRALNRLATLVTTVNGTPMLISEGPLKMEEKATYVHKKNDGTTVDLTVDQAWRGKGEGLPGMCGGALVSSNQSIQNAILGIHVAGGNSILVAKLVTQEMFQNIDKKIE	217		82.1701252236136	93.27302325581394	0.98125		0.9520051443531924		0.95953		0.9412462521587168	
UPI0000111C6B	1hvc_A	1hvc	A	PQITLWQRPLVTIRIGGQLKEALLDTGADDTVLEEMNLPGKWKPKMIGGIGGFIKVRQYDQILIEICGHKAIGTVLVGPTPVNIIGRNLLTQIGCTLNFGGSSGPQITLWQRPLVTIKIGGQLKEALLDTGADDTVLEEMSLPGRWKPKMIGGIGGFIKVRQYDQILIEICGHKAIGTVLVGPTPVNIIGRNLLTQIGCTLNF	203		87.18245454545453	91.53173376623376	0.96809		0.940517934198584		0.98603		0.7916666666666666	
UPI0000111D94	6puz_D	6puz	D	MIQNFRVYYRDSRDPVWKGPAKLLWKGEGAVVIQDNSDIKVVPRRKAKIIRD	52		79.27759259259258	85.56150462962961	0.89087		0.9300337405261454		0.85592			
UPI0000112024	1onb_A	1onb	A	GSHMGSVTVPHPNIEEVALSTTGEIPFYGKAIPLEVIKGGRHLIFCHSKKKCDELAAKLVALGINAVAYYRGLDVSVIPTNGDVVVVATDALMTGFTGDFDSVIDCNTSDGKPQDAVSRTQRRGRTGRGKPGIYRFVAPGER	142		78.52216572504707	89.4963559322034	0.94512		0.940556764139148		0.85115		0.3313623240847019	
UPI00001120EB	1kaf_C	1kaf	C	MEITSDMEEDKDLMLKLLDKNGFVLKKVEIYRSNYLAILEKRTNGIRNFEINNNGNMRIFGYKMMEHHIQKFTDIGMSCKIAKNGNVYLDIKRSAENIEAVITVASEL	108		89.21575028636884	95.20796105383732	0.99583		0.995355504056358		0.97833			
UPI000011244F	1lj2_A	1lj2	A	MHSLQNVIPQQQAHIAELQVYNNKLERDLQNKIGSLTSSIEWYLRSMELDPEIKADIEQQINSIDAINPLHAFDDLESVIRNLISDYDKLFLMFKGLIQRSNYQYSFGSE	110		74.97152823920267	87.5366334440753	0.87216		0.9016685546852112		0.76996			
UPI0000112697	1mof_A	1mof	A	MDDLREVEKSISNLEKSLTSLSEVVLQNRRGLDLLFLKEGGLCAALKEECAFYAD	55		85.20065268065268	93.93794871794871	0.92535		0.9249363179862284		0.86746		0.35	
UPI0000112B45	2jqf_S	2jqf	S	MELTLYNGEKKTFYSRPNNHDNAWLNAILQLFRYVEEPFFDWVYSSPENLTLEAIKQLEDLTGLELHEGGPPALVIWNIKHLLHTGIGTASRPSEVCVVDGTDMCLADFHAGIFLKGQEHAVFACVTSNGWYAIDDEDFYPWTPDPSDVLVFVPYDQEPLNGEWKAKVQRKLK	173		71.95557939914163	53.20972818311875	0.46412		0.5152485117762541		0.84852			
UPI0000112DF1	1tnt_A	1tnt	A	MELWVSPKELANLPGLPKTSAGVIYVAKKQGWQNRTRAGVKGGKAIEYNANSLPVEAKAALLLRQGEIETSLGYFE	76		82.36367697594503	76.24994845360825	0.81984		0.82366272959846		0.7634		0.745567893721464	
UPI0000112E3F	1tul_A	1tul	A	MASMSNGTPDIIVNAQINSEDENVLDFIIEDEYYLKKRGVGAHIIKVASSPQLRLLYKNAYSTVSCGNYGVLCNLVQNGEYDLNAIMFNCAEIKLNKGQMLFQTKIWR	108	67.9984606345476	31.101598119858988	89.06514688601645	0.29781	0.77539	0.3084838365669352	0.7132860632743343	0.28425	0.75913	0.2783969503288867	0.7102146288697255
UPI0000112EFD	1wjf_B	1wjf	B	FLDGIDKAQEECEKYHSNWRAMASDFNLPPVVAKEIVASCDKCQLKGEAMHGQVD	55	78.62336448598131	55.666985981308414	81.85925233644859	0.39344		0.4711200966782582		0.3764	0.67489		
UPI00001131F1	2bop_A	2bop	A	ASCFALISGTANQVKCYRFRVKKNHRHRYENCTTTWFTVADNGAERQGQAQILITFGSPSQRQDFLKHVPLPPGMNISGFTASLDF	86		71.79449339207049	93.52239353891336	0.74198		0.7518127789455225		0.72887			
UPI00002323E0	1p7n_A	1p7n	A	GPTSPGPALTDWARVREELASTGPPVVAMPVVIKTEGPAWTPLEPKLITRLADTVRTKGLRSPITMAEVEALMSSPLLPHDVTNLMRVILGPAPYALWMDAWGVQLQTVIAAATRDPRHPANGQGRGERTNLNRLKGLADGMVGNPQGQAALLRPGELVAITASALQAFREVARLA	176		75.79987823439879	84.3404109589041	0.82607		0.840119252583404		0.74542		0.2992523463972234	
UPI000035883D	1nzd_A	1nzd	A	MKIAIINMGNNVINFKTVPSSETIYLFKVISEMGLNVDIISLKNGVYTKSFDEVDVNDYDRLIVVNSSINFFGGKPNLAILSAQKFMAKYKSKIYYLFTAIRLPFSQSWPNVKNRPWAYLYTEEELLIKSPIKVISQGINLDIAKAAHKKVDNVIEFEYFPIEQYKIHMNDFQLSKPTKKTLDVIYGGSFRSGQRESKMVEFLFDTGLNIEFFGNAREKQFKNPKYPWTKAPVFTGKIPMNMVSEKNSQAIAALIIGDKNYNDNFITLRVWETMASDAVMLIDEEFDTKHRIINDARFYVNNRAELIDRVNELKHSDVLRKEMLSIQHDILNKTRAKKAEWQDAFKKAIDL	351	70.47507327285415	27.224316120027915	90.97359036985344	0.29229		0.244311237423938		0.28484	0.81859	0.2376615709061574	0.675386765784565
UPI0000358883	2ibl_A	2ibl	A	ADIVLNDLPFVDGPPAEGQSRISWIKNGEEILGADTQYGSEGSMNRPTVSVLRNVEVLDKNIGILKTSLETANSDIKTIQEAGYIPEAPRDGQAYVRKDGEWVLLSTFL	109	70.27970167064439	62.65968973747017	90.2441169451074	0.56874	0.65437	0.6555989947827334	0.7667482924804441	0.63391	0.58395	0.6671585140690552	0.7511752063640856
UPI00003BECB3	1pqz_A	1pqz	A	GSESGLRYAYTLVVDGTANTARCFGTGHVDGEAFVGYSNNKTHGIGRWVNASHVEEENKEFVRQCKELQAELDKMQNNSAVIGVKTVQLDVGCTSKIEKHYAYDGNETEDDTATSASERARDCQKKLTEYRKLVLASAVSPQLEVERRSSGREGGMRLRCFARDYYPADLEIRWWKDDGGGGALPQTSKQHHDPLPSGQGLYQKHIDVYVDGGLEHVYSCRVKGIATGLELQIVRWKG	238		74.52673480365789	89.54488972565896	0.91532		0.8724500267212411		0.88499		0.3349231812340739	
UPI0000401FFA	1v1h_E	1v1h	E	VSIKKSSGLNFDNTAIAINAGKGLEFDTNTSESPDINPIKTKIGSGIDYNENGAMITKLGAGLSFDNSGAITIGGSGYIPEAPRDGQAYVRKDGEWVLLSTFL	103		79.371185770751	85.31285902503295	0.70725		0.8768426863218146		0.78679			
UPI0000402023	1t6o_A	1t6o	A	GGASRSVIRSIIKSSRLEEDRKRYLMTLLDDIKGANDLAKFHQMLMKIIMK	51		84.64906862745097	87.79068627450982	0.9597		0.9746950372817262		0.92061			
UPI0000418D78	1xr5_A	1xr5	A	GQVIARHKVREFNINPVNTPTKSKLHPSVFYDVFPGDKEPAVLSDNDPRLEVKLTESLFSKYKGNVNTEPTENMLVAVDHYAGQLLSLDIPTSELTLKEALYGVDGLEPIDITTSAGFPYVSLGIKKRDILNKETQDTEKMKFYLDKYGIDLPLVTYIKDELRSVDKVRLGKSRLIEASSLNDSVNMRMKLGNLYKAFHQNPGVLTGSAVGCDPDVFWSVIPCLMDGHLMAFDYSNFDASLSPVWFVCLEKVLTKLGFAGSSLIQSICNTHHIFRDEIYVVEGGMPSGCSGTSIFNSMINNIIIRTLILDAYKGIDLDKLKILAYGDDLIVSYPYELDPQVLATLGKNYGLTITPPDKSETFTKMTWENLTFLKRYFKPDQQFPFLVHPVMPMKDIHESIRWTKDPKNTQDHVRSLCMLAWHSGEKEYNEFIQKIRTTDIGKCLILPEYSVLRRRWLDLFHHHHHH	466											
UPI0000425F18	1tue_D	1tue	D	GSEFGSGSNMSQWIRFRCSKIDEGGDWRPIVQFLRYQQIEFITFLGALKSFLKGTPKKNCLVFCGPANTGKSYFGMSFIHFIQGAVISFVNSTSHFWLEPLTDTKVAMLDDATTTCWTYFDTYMRNALDGNPISIDRKHKPLIQLKCPPILLTTNIHPAKDNRWPYLESRITVFEFPNAFPFDKNGNPVYEINDKNWKCFFERTWSRLDLHE	212		86.73854922279791	92.25162924582612	0.97522		0.9427298215306308		0.9095			
UPI0000470FCE	1zzf_B	1zzf	B	MTPIVHLKGDANTLKCLRYRFKKHCTLYTAVSSTWHWTGHNVKHKSAIVTLTYDSEWQRDQFLSQVKIPKTITVSTGFMSI	81		78.50898484848484	88.13048484848484	0.90174		0.9412855930905548		0.83006			
UPI0000470FE5	1vb2_A	1vb2	A	AVSSSRGGITVLTHSELSAEIGVTDSIVVSSELVMPYTVGTWLRGVAANWSKYSWLSVRYTYIPSCPSSTAGSIHMGFQYNMANTVPVSVNQLSNLRGYVSGQVWSGSAGLCFINGTRCSDTSTAISTTLDVSKLGKKWYPYKTSADYATAVGVDVNIATPLVPARLVIALLDGSSSTAVAAGRIYCTYTIQMIEPTASALNN	203		80.21170650730411	93.69715803452854	0.94802		0.908750373341352		0.91548		0.258614735931057	
UPI00004F8DBC	2bnk_B	2bnk	B	HMDKTVNLSACEVAVLDLYEQSNIRIPSDIIEDLVNQRLQSEQEVLNYIETQRTYWKLENQKKLYRGSLK	70		76.3141680960549	83.576243567753	0.90509		0.8994318664006323		0.77615			
UPI00005AB3C2	1zxt_C	1zxt	C	GSLVSYTPNSCCYGFQQHPPPVQILKEWYPTSPACPKPGVILLTKRGRQICADPSKNWVRQLMQRLPAIAHHHHHH	76		74.97085385878489	85.49779967159279	0.85679		0.9473147186553206		0.79317			
UPI00005D3C8B	2b9d_B	2b9d	B	MKQPYAVVASCAYCEKLVRLTVLADHSAIRQLEEMLLRSLNIVCPLCTLQRQ	52		85.24080684596576	88.79298288508558	0.88234		0.922718002133398		0.88524			
UPI000060370D	2b9z_A	2b9z	A	GAMPSKLALIQELPDRIQTAVEAAMGMSYQDAPNNVRRDLDNLHACLNKAKLTVGRMVTSLLEKPSVVAYLEGK	74		82.00076785714288	92.04880357142858	0.82926		0.9534990056814852		0.67192		0.5528878865111785	
UPI0000603741	2f1s_A	2f1s	A	GSHMSDSKEVPSLPFLRHLLEELDSHEDSLLLFLCHDAAPGCTTVTQALCSLSQQRKLTLAALVEMLYVLQRMDLLKSRFGLSKEGAEQLLGTSFLTRYRKLMVCVGEELDSSELRALRLFACNLNPSLSTALSESSRFVELVLALENVGLVSPSSVSVLADMLRTLRRLDLCQQLVEYEQQEQAR	186		83.94078620689655	94.31771724137931	0.97308		0.9641162789406856		0.94039		0.4312345392460655	
UPI000065CA3E	3wsj_A	3wsj	A	PVIPLDPARRPVIKAQVDTQTSHPKTIEALLDTGADMTVIPIALFSSNTPLKNTSVLGAGGQTQDHFKLTSLPVLIRLPFRTTPIVLTSCLVDTKNNWAIIGRDALQQCQGVLYLP	116		82.57578231292517	89.48842403628119	0.93373		0.8852029146332502		0.89421		0.8779353331776035	
UPI00006687C4	2c86_B	2c86	B	HMSSGNASWFQAIKAKKLNTPPPKFEGSGVPDNENIKPSQQHGYWRRQARFKPGKGGRCPVPDAWYFYYTGTGPAADLNWGDTQDGIVWVAAKGADTKSRSNQGTRDPDKFDQYPLRFSDGGPDGNFRWDFIPL	134	37.61142857142857	35.755338345864665	90.74613721804512	0.40861	0.35021	0.3622868492660672	0.3407853343037621	0.40608	0.3461		
UPI00006881B5	2ljz_A	2ljz	A	GAMSYSLYGTTLEQQYNKPLSDLLIRCINCQKPLSPEEKQRHLDKKQRFHNIRGRWTGRCMSCSRSSRTRRETQL	75		82.09457189014539	81.90830371567043	0.81547		0.8541686471201827		0.67032			
UPI0000696476	2fqm_E	2fqm	E	GSHMDWKQPELESDEHGKTLRLTLPEGLSGEQKSQWMLTIKAVVQSAKHWNLAECTFEASGEGVIIKKRQITPDV	75	70.31730964467005	57.232284263959386	83.57656514382403	0.53526	0.54231	0.8577879130529569	0.8654742971918384	0.51524	0.50388		
UPI00006AB78C	2c9l_Y	2c9l	Y	MLEIKRYKNRVAARKSRAKFKQLLQHYREVAAAKSSENDRLRLLLKQMCPSLDVDSIIPRTPD	63		82.2048936170213	91.65386847195356	0.89857		0.915102950668349		0.76361			
UPI0000D79C3D	1zva_A	1zva	A	ALGKLQDVVNQNAQALNTLVKQLSSNFGAISSVLNDISGGRGGDISGINASVVNIQKEIDRLNEVAKNLNESLIDLQ	77		82.48665492957745	75.6144014084507	0.72187		0.6928387844832711		0.75384		0.922671663477746	
UPI0000D79C62	2gh8_B	2gh8	B	SDGPGSAEIVTEEQGTVVQQQPAPAPTALATLATASTGKSVEQEWMTFFSYHTSINWSTVESQGKILYSQALNPSINPYLDHIAKLYSTWSGGIDVRFTVSGSGVFGGKLAALLVPPGVEPIESVSMLQYPHVLFDARQTEPVIFTIPDIRKTLFHSMDETDTTKLVIMVYNELINPYENGVENKTTCSITVETRPSADFTFALLKPPGSLIKHGSIPSDLIPRNSAHWMGNRWWSTISGFSVQPRVFQSNRHFDFDSTTTGWSTPYYVPIEIKIQGKVGSNNKWFHVIDTDKALVPGIPDGWPDTTIPDETKATNGNFSYGESYRAGSTTIKPNENSTHFKGTYICGTLSTVEIPENDEQQIKTEAEKKSQTMYVVTADFKDTIVKPQHKISPQKLVVYFDGPEKDLTMSATLSPLGYTLVDEQPVGSVSSRVVRIATLPEAFTQGGNYPIFYVNKIKVGYFDRATTNCYNSQILMTSQRLAEGNYNLPPDSLAVYRITDSSSQWFDIGINHDGFSYVGLSDLPNDLSFPLTSTFMGVQLARVKLASKVKAHTITAK	558											
UPI0000D7DEAD	2giy_A	2giy	A	GAPEVSHVRGVTVRMETPEAILFSPGETFSTNVSIHAIAHDDQTYSMDVVWLRFDVPTSCAEMRIYESCLYHPQLPECLSPADAPCAASTWTSRLAVRSYAGCSRTNPPPRCSAEAHMEPVPGLAWQAASVNLEFRDASPQHSGLYLCVVYVNDHIHAWGHITISTAAQYRNAVVEQPLDIEGRGHHHHHH	191	70.00495956873317	65.5648921832884	87.07014150943397	0.79943	0.78976	0.7644121858537625	0.8095310558011104	0.79526	0.78926		
UPI0000DA5AB6	2ca1_A	2ca1	A	HMKADEMAHRRYCKRTIPPNYRVDQVFGPRTKGKEGNFGDDKMNEEGIKDGRVTAMLNLVPSSHACLFGSRVTPKLQLDGLHLRFEFTTVVPCDDPQFDNYVKICDQCVDG	111	48.823314415437	32.15669693530079	88.6672077185017	0.31297	0.25273	0.3848953173641318	0.4232267465282714	0.30001	0.2525		
UPI0000DB4FB1	2gxa_H	2gxa	H	GSLQTEKFDFGTMVQWAYDHKYAEESKIAYEYALAAGSDSNARAFLATNSQAKHVKDCATMVRHYLRAETQALSMPAYIKARCKLATGEGSWKSILTFFNYQNIELITFINALKLWLKGIPKKNCLAFIGPPNTGKSMLCNSLIHFLGGSVLSFANHKSHFWLASLADTRAALVDDATHACWRYFDTYLRNALDGYPVSIDRKHKAAVQIKAPPLLVTSNIDVQAEDRYLYLHSRVQTFRFEQPCTDESGEQPFNITDADWKSFFVRLWGRLDL	274		86.66016856492028	92.5884555808656	0.98649		0.9692037860346058		0.95383			
UPI0000F0E9B4	5mhr_E	5mhr	E	GSSPNLRYPIADVSGGIGMSPNYRFRQSMWIGIVSYSGSGLNWRVQVNSDIFIVDDYIHICLPAFDGFSIADGGDLSLNFVTGLLPPLLTGDTEPAFHNDVVTYGAQTVAIGLSSGGTPQYMSKNLWVEQWQDGVLRLRVEGGGSITHSNSKWPAMTVSYPRSFT	165	47.828947784810126	45.31616297468354	85.25438291139241	0.59629	0.35634	0.4596143042250719	0.3318024630105647	0.57426	0.33094		
UPI0001753FA3	2qud_A	2qud	A	GGSMSKTIVLSVGEATRTLTEIQSTADRQIFEEKVGPLVGRLRLTASLRQNGAKTAYRVNLKLDQADVVDSGLPKVRYTQVWSHDVTIVANSTEASRKSLYDLTKSLVATSQVEDLVVNLVPLGR	125	68.69237696335078	31.774125654450263	68.19265968586387	0.4252	0.61292	0.4318881484267558	0.6135464891125609	0.3572	0.56393	0.3576427670663622	0.3996388979769803
UPI0001754088	3bgy_A	3bgy	A	SMGTKLKKSNNDITIFSENEYNEIVEMLRDYSNGDNLEFEVSFKNINYPNFMRITEHYINITPENKIESNNYLDISLIFPDKNVYRVSLFNQEQIGEFITKFSKASSNDISRYIVSLDPSDDIEIVYKNRGSGKLIGIDNWAITIKSTEEIPLVAGKSKISKPKITGSERIMYRYKTRYSFTINKNSRIDITDVKSSPIIWKLMTVPSNYELELELINKIDINTLESELLNVFMIIQD	238		78.03690329218107	93.3794804526749	0.96263		0.9008759625568185		0.89641		0.5088045155635774	
UPI0001754654	3c6r_D	3c6r	D	FHLTTRNGEPHMIVSRQEKGKSLLFKTEDGVNMCTLMAMDLGELCEDTLTYKCPLLRQNEPEDIDCWCNSTSTWVTYGTCT	81	43.607953125	35.534125	90.379625	0.43028	0.48676	0.3574858814172156	0.4098572697579417	0.44883	0.48108		
UPI00017615F2	2jv6_A	2jv6	A	MSALTLKGTSYKMCTDKMSFVKNPTDTGHGTVVMQVKVPKGAPCKIPVIVADDLTAAINKGILVTVNPIASTNDDEVLIEVNPPFGDSYIIVGTGDSRLTYQWHKEGSSIGK	112	48.92935251798561	34.56627098321343	86.59991606714628	0.40398	0.40314	0.4091173631336465	0.4273499250981591	0.40118	0.39324		
UPI00017BAF1B	2k48_A	2k48	A	MHHHHHHGKPIPNPLLGLDSTENLYFQGIDPFTMSTLQELQENITAHEQQLVTARQKLKDAEKAVEVDPDDVNKSTLQNRRAAVSTLETKLGELKRQLADLVAAQKL	107	68.78987012987012	67.69028335301063	82.14342384887838	0.66873	0.66941	0.8446703078899694	0.8518682703925748	0.59781	0.59672	0.7636639727325478	0.771358321416558
UPI00017EE956	2k47_A	2k47	A	SDVWSLSKTSMTFQPKKASLQPLTISLDELFSSRGEFISVGGDGRMSHKEAILLGLRYKKLYNQARVKYSLLEHHHHHH	79	67.42115625	59.06012499999999	85.196734375	0.33649	0.40104	0.4005960183362843	0.3717543281244085	0.31381	0.31772	0.3803210898418128	0.3494361052305761
UPI000180D490	2k87_A	2k87	A	MYTEQPIDLVPTQPLPNASFDNFKLTCSNTKFADDLNQMTGFTKPASRELSVTFFPDLNGDVVAIDYRHYSASFKKGAKLLHKPIVWHINQATTKTTFKPNTWCLRCLWSTKPVDT	116	41.58263157894737	31.70455424274973	85.28530612244897	0.26038	0.31812	0.3032768283941575	0.315021131918117	0.25992	0.31059	0.2999494695352588	0.3081313113651277
UPI000181CC69	3dvu_B	3dvu	B	MASHKKSGTYWATLITAFLKTVSKVEELDCVDSAVLVDVSKIITLTQEFRRHYDSVYRADYGPALKNWKRDLSKLFTSLFVDVINSGRIVGFFDVGRYVCEEVLCPGSWTEDHELLNDCMTHFFIENNLMNHFPLEDHHHHHH	143		77.57211604095562	85.43234641638226	0.93686		0.9290687144895178		0.85697			
UPI000181CF7A	2uut_A	2uut	A	DEFQWKGLPVVKSGLDVGGMPTGTRYHRSPAWPEEQPGETHAPAPFGSGDKRYTFSQTEMLVNGLKPYTEPTAGVPPQLLSRAVTHVRSYIETIIGTHRSPVLTYHQACELLERTTSCGPFVQGLKGDYWDEEQQQYTGVLANHLEQAWDKANKGIAPRNAYKLALKDELRPIEKNKAGKRRLLWGCDAATTLIATAAFKAVATRLQVVTPMTPVAVGINMDSVQMQVMNDSLKGGVLYCLDYSKWDSTQNPAVTAASLAILERFAEPHPIVSCAIEALSSPAEGYVNDIKFVTRGGLPSGMPFTSVVNSINHMIYVAAAILQAYESHNVPYTGNVFQVETIHTYGGDCMYSVCPATASIFHTVLANLTSYGLKPTAIKPTNTPVFLKRTFTQTPHGIRALLDITSITRQFYWLKANRTSDPSSPPAFDRQARSAQLENALAYASQHGPVMFDTVRQIAIKTAQGEGLVLVNTNYDQALATYNAWFIGGTPDPVGHTEGTHKIVFEME	508											
UPI0001881C3D	2gji_A	2gji	A	MATFQTDADFLLVGDDTSRYEEVMKTFDTVEAVRKSDLDDRVYMVCLKQGSTFVLNGGIEELRLLTGDSTLEIQPMIVPTTELEHHHHHH	90		74.03620305980529	84.59030598052853	0.82274		0.8100240857455063		0.71506		0.7344446223279756	
UPI0001881C55	4ztj_B	4ztj	B	GPGSGPILRPDRPQKPFDKFFIDYIGPLPPSQGYLYVLVVVDGMTGFTWLYPTKAPSTSATVKSLNVLTSIAIPKVIHSDQGAAFTSSTFAEWAKERGIHLEFSTPYHPQSSGKVERKNSDIKRLLTKLLVGRPTKWYDLLPVVQLALNNTYSPVLKYTPHQLLFGIDSNTPFANQDTLDLTREEELSLLQEIRTSLYHPST	202	73.58456535334584	69.37926203877423	77.92227016885553	0.8219	0.92665	0.8289689280130049	0.9178198186729906	0.77439	0.77409		
UPI00018BF9BF	2vrs_C	2vrs	C	ILQTTVDGNSTAISNLKSDISSNGLAITDLQDRVKSLESTASHGLSFSPPLSVADGVVSLDMDPYFCSQRVSLTSYSAEAQLMQFRWMARGTNGSSDTIDMTVNAHCHGRRTDYMMSSTGNLTVTSNVVLLTFDLSDITHIPSDLARLVPSAGFQAASFPVDVSFTRDSATHAYQAYGVYSSSRVFTITFPTGGDGTANIRSLTVRTGIDT	211	61.36224399494312	51.032275600505685	87.71345764854614	0.397	0.56336	0.6086272817059083	0.7323891542685886	0.39584	0.57051		
UPI000192B9A6	2vnl_A	2vnl	A	TDITANVVVSNPRPIFTESRSFKAVANGKIYIGQIDTDPVNPANQIPVYIENEDGSHVQITQPLIINAAGKIVYNGQLVKIVTVQGHSMAIYDANGSQVDYIANVLKWDPDQYSIEADKKFKQIEDKIEEILSKIYHIENEIARIKKLIGE	151		74.49929411764707	86.22136974789916	0.66575		0.8601678842406381		0.63735		0.5921645843928403	
UPI000195C288	2w5e_B	2w5e	B	KHHHHHHIKPGALCVIDTPEGKGTGFFSGNDIVTAAHVVGNNTFVNVCYEGLMYEAKVRYMPEKDIAFITCPGDLHPTARLKLSKNPDYSCVTVMAYVNEDLVVSTAAAMVYGNTLSYAVRTQDGMSGAPVCDKYCRVLAVHQTNTGYTGGAVIIDPTDFHPV	163		81.06866720516962	90.62135702746366	0.98383		0.978121382832482		0.9457			
UPI000196439A	2wbv_F	2wbv	F	GAMSPPAAPITLWTGPGPSINGFINDTPVIRCFICLTRDSNLVTVNASFVGEGGYRIVSPTQSQFSLIMEFDQFGQLMSTGNINSTTTWGEKPWGNNTVQPRPSHTWKLCMPNREVYSTPAATISRCGLDSIAVDGAPSRSIDCMLIINKPKGVATYTLTFRFLNFNRLSGGTLFKTDVLTFTYVGENQ	189	43.103109882515554	26.366081548030408	89.75741534208707	0.35279	0.36693	0.2724479686619542	0.3481652323803431	0.34278	0.35131		
UPI0001A48A94	3h2t_B	3h2t	B	ETQQRCVTATDYDTFVSERFGSIIQAVQTFTDSTKPGYAFIAAKPKSGLYLTTVQREDIKNYLKDYNLAPITPSIISPNYLFIKTNLKVTYALNKLQESEQWLEGQIIDKIDRYYTEDVEIFNSSFAKSKMLTYVDDADHSVIGSSATIQMVREVQNFYKTPEAGIKYNNQIKDRSMESNTFSFNSGRKVVNPDTGLEEDVLYDVRIVSTDRDSKGIGKVIIGPFASGDVTENENIQPYTGNDFNKLANSDGRDKYYVIGEINYPADVIYWNIAKINLTSEKFEVQTIELYSDPTDDVIFTRDGSLIVFENDLRPQYLTIDLEPISQLEHHHHHH	335	67.03662967073622	52.9636773954865	93.0884054753977	0.57686	0.81496	0.6473158429321665	0.7364727252926305	0.52764	0.7692		
UPI0001A57B7C	3g29_B	3g29	B	AGPWADIMQGPSESFVDFANRLIKAVEGSNLPPSARAPVIIDCFRQKSQPDIQQLIRTAPSTLTTPGEIIKYVLDRQ	77		89.57287394957983	95.28820168067226	0.97517		0.9733271590291376		0.94115			
UPI0001A5DE60	3da0_A	3da0	A	GNVVHKTGDETIAGKKTFTGNVEVNGSLTLPVQTLTVEAGNGLQLQLTKKNNDLVIVRFFGSVSNIQKGWNMSGTWVDRPFRPAAVQSLVGHFAGRDTSFHIDINPNGSITWWGANIDKTPIATRGNGSYFIKHHH	136		86.8652335557674	89.71610104861773	0.92347		0.9400580971562282		0.92806		0.3456869816186348	
UPI0001A5EF77	3djw_B	3djw	B	GDTHEFHKLLIKVVDLFLEDRIKEFELKLNTTLDELEFEELIGKPDSSNSAENNGIFIDEYSYDASENAIKKLFVEYVRQPEFKYTVLSIKGVNDWVRE	99	80.32986618004865	60.20221411192215	89.43602189781022	0.70846		0.6826440648733192		0.69834	0.9319		
UPI0001AB2928	3gwn_B	3gwn	B	ANGLITKIWGTAGWTFNHAVTFGYPLNPTSDDKRRYKNYFISLGDVLPCRLCRESYKKFITTGKTALTNEVLRNRHTLTKWFYDVHNAVNNKLEVDYGLSYEDVVNKYESFRAK	114		89.59354255319148	95.2137659574468	0.98613		0.983944294900092		0.97166			
UPI0001B02AF6	6w0t_D	6w0t	D	MKHHHHHHAPSYRVKRMDIAKNDEECVVNAANPRGLPGDGVCKAVYKKWPESFKNSATPVGTAKTVMCGTYPVIHAVGPNFSNYSESEGDRELAAAYREVAKEVTRLGVNSVAIPLLSTGVYSGGKDRLTQSLNHLFTAMDSTDADVVIYCRDKEWEKKISEAIQMRT	168		88.30838957055215	93.4641717791411	0.96995		0.9776228754411156		0.93485			
UPI0001B04C70	3hpg_B	3hpg	B	MVENIPLAEEEHNKWHQDAVSLHLEFGIPRTAAEDIVQQCDVCQENKMPSTLRGSNKRGIDHWQVDYTHYEDKIILVWVETNSGLIYAERVKGETGQEFRVQTMKWYAMFAPKSLQSDNGPAFVAESTQLLMKYLGIEHTTGIPWNPQSQALVERTHQTLKNTLEKLIPMFNAFESALAGTLITLNIKRKGGLGTSPMDIFIFNKEQQRIQQQSKSKQE	219	90.42305902383654	31.26538024971623	85.91923950056754	0.22017		0.3004830266235422		0.25212	0.69185		
UPI0001BE6217	5w7g_G	5w7g	G	GAKLNRKLRQDSTDRYKTKLYLWRNLGGLIPEDMAISVTESITADWKQYNDMMSKVRNETLDILKTNKVATEDYIGYIAFAEELAHQVWKNKNSSPDPNTANEASKTDLESKYSDVYGLDVTVLDAIYNAVIPIIMGGGS	140	73.34547016274865	67.22897830018083	85.7762206148282	0.72947	0.82488	0.7887654337583775	0.8349002798306477	0.54302	0.57268		
UPI0001BE6362	3gne_B	3gne	B	TNVISTLDLNLLTKGGGSWNVDGVNMKKSAVTTFDGKRVVKAVYDKNSGTSANPGVGGFSFSAVPDGLNKNAITFAWEVFYPKGFDFARGGKHGGTFIGHGAASGYQHSKTGASNRIMWQEKGGVIDYIYPPSDLKQKIPGLDPEGHGIGFFQDDFKNALKYDVWNRIEIGTKMNTFKNGIPQLDGESYVIVNGKKEVLKRINWSRSPDLLISRFDWNTFFGGPLPSPKNQVAYFTNFQMKKYELEHHHHHH	252		82.99599496221661	88.74637783375314	0.97016		0.9041914978822976		0.93137			
UPI0001BE641B	3eti_C	3eti	C	DLILPFYKAGKVSFYQGDLDVLINFLEPDVLVNAANGDLRHVGGVARAIDVFTGGKLTKRSKEYLKSSKAIAPGNAVLFENVLEHLSVMNAVGPRNGDSRVEGKLCNVYKAIAKCDGKILTPLISVGIFKVKLEVSLQCLLKTVTDRDLNVFVYTDQERVTIENFFNG	168		88.8107781201849	95.09657935285054	0.9953		0.99310068061406		0.98202			
UPI0001BE6420	5y4l_C	5y4l	C	GPLGSPEFPGAFRTQKPSLNTVNVVGSSMGSGGVFTIDGKIKCVTAAHVLTGNSARVSGVGFNQMLDFDVKGDFAIADCPNWQGVAPKAQFCEDGWTGRAYWLTSSGVEPGVIGNGFAFCFTACGDSGSPVITEAGELVGVHTGSNKQGGGIVTRPSGQFCNVKPIKLSELSEFFAGPKVPLGDVKIGSHIIKDTCEVPSDLCALLAAKPELE	213		75.67781594296824	89.43732339598184	0.93135		0.8844636449549004		0.87158			
UPI0001BE64DC	3gzf_C	3gzf	C	GLFEGDKFVGSFESAAMGTFVIDMRSYETLVNSTSLDRIKSYANSFNKYKYYTGSMGEADYRMACYAHLGKALMDYSVSRNDKLYTPPTVSVNSTL	96	54.049508632138114	40.61698539176626	86.66788844621513	0.35184	0.31015	0.4246094098788234	0.391201525504614	0.34858	0.3246		
UPI0001BE667B	3it8_D	3it8	D	ITLKYNYTVTLKDDGLYDGVFYDHYNDQLVTKISYNHETRHGNVNFRADWFNISRSPHTPGNDYNFNFWYSLMKETLEEINKNDSTKTTSLSLITGCYETGLLFGSYGYVETANGPLARYHTGDKRFTKMTHKGFPKVGMLTVKNTLWKDVKAYLGGFEYMGCSLAILDYQKMAKGKIPKDTTPTVKVTGNELEDGNMTLECTVNSFYPPDVITKWIESEHFKGEYKYVNGRYYPEWGRKSNYEPGEPGFPWNIKKDKDANTYSLTDLVRTTSKMSSQPVCVVFHDTLEAQVYTCSEGCNGELYDHLYRKTEEGEGGSHHHHHH	324	63.36380228136882	58.5955133079848	75.68898098859316	0.81905	0.49863	0.7207275127440754	0.6834611388635914	0.76663	0.48266		
UPI0001C39768	3gud_B	3gud	B	SDERHKTDIAPISDKVLDAWEKVKFYQYKFKDAVDEKGEEARYHFGVIAQQIVKVFEDEGLSAFDYGLVGYDEWEATEDEYDSEGNLVEKGREAGNIYSIRPTECQWLEMACMRRKLERLSLEHHHHHH	129		87.33434823091247	94.46249534450652	0.96624		0.9869796762158176		0.8591			
UPI0001D42923	2x3h_C	2x3h	C	MGSSHHHHHHGMASMTGGQQMGRDLYDDDDKDPSSRSMAKLTKPKTEGILHKGQSLYEYLDARVLTSKPFGAAGDATTDDTEVIAASLNSQKAVTISDGVFSSSGINSNYCNLDGRGSGVLSHRSSTGNYLVFNNPRTGRLSNITVESNKATDTTQGQQVSLAGGSDVTVSDVNFSNVKGTGFSLIAYPNDAPPDGLMIKGIRGSYSGYATNKAAGCVLADSSVNSLIDNVIAKNYPQFGAVELKGTASYNIVSNVIGADCQHVTYNGTEGPIAPSNNLIKGVMANNPKYAAVVAGKGSTNLISDVLVDYSTSDARQAHGVTVEGSDNVINNVLMSGCDGTNSLGQRQTATIARFIGTANNNYASVFPSYSATGVITFESGSTRNFVEVKHPGRRNDLLSSASTIDGAATIDGTSNSNVVHAPALGQYIGSMSGRFEWRIKSMSLPSGVLTSADKYRMLGDGAVSLAVGGGTSSQVRLFTSDGTSRTVSLTNGNVRLSTSSTGYLQLGADAMTPDSTGTYALGSASRAWSGGFTQAAFTVTS	542											
UPI0001E3063F	2xbo_3	2xbo	3	APIRVVSVPESDSFMSSVPDNSTPLYPKVVVPPRQVPGRFTNFIDVAKQTYSFCSISGKPYFEVTNTSGDEPLFQMDVSLSAAELHGTYVASLSSFFAQYRGSLNFYFIFTGAAATKAKFLVAFVPPHSAAPKTRDEAMACIHAVWDVGLNSAFSFNVPYSSPADFMAVYSAEATVVNVSGWLQVYALTALTSTDIAVNSKGRVLVAVSAGPDFSLRHPVDLPDKQ	226		73.38514518002323	83.56088269454123	0.84439		0.8642874566039466		0.854			
UPI0001E3064D	3kks_B	3kks	B	GSHLWQMDNTHWNKTIIWVAVETNSGLVEAQVIPEETALQVALCILQLIQRYTVLHLHSDNGPCFTAHRIENLCKYLGITKTTGIPYNPQSQGVVERAHRDLKDRLAAYQGDCETVEAALSLALVSLNKKRGGIGGHTPYEIYLESEHTKYQ	152		80.021025	88.15343333333333	0.96511		0.9355184642173456		0.96138			
UPI0001E6904E	3mmg_A	3mmg	A	SKALLKGVRDFNPISACVCLLENSSDGHSERLFGIGFGPYIIANQHLFRRNNGELTIKTMHGEFAVANSTQLQMKPVEGRDIIVIKMAKDFPPFPQKLKFRQPTIKDRVCMVSTNFQQKSVSSLVSESSHIVHKEDTSFWQHWITTKDGQAGSPLVSIIDGNILGIHSLTHTTNGSNYFVEFPEKFVATYLDAADGWCKNWKFNADKISWGSFTLVEDAPEDDFMAKKTVAAIMDDLVRTQ	241		75.93013137151866	89.90518129269574	0.88359		0.860274439166034		0.85839		0.9042069241970546	
UPI0001F5505B	3qc7_A	3qc7	A	LVISRSKEISIEVEDIKDAGDTGKRLLKINTPSGARNIIIENEDAKALINGETTNTNKKNLQDLLFSDGNVKAFLQATTTDENKTALQQLLVSNADVLGLLSGNPTSDNKINLRTMIGAGVPYSLPAATTTTLGGVKKGAAVTASTATDVATAVKDLNSLITVLKNAGIISLEHHHHHH	179	70.30639035418237	62.38726450640542	85.4654559155991	0.35533		0.6366715406439507		0.41714	0.39493	0.400643607526148	0.3910624165274135
UPI0001F995FD	3q23_A	3q23	A	MGGSHHHHHHRSESTVTEELKEGIDAVYPSLVGTADSKAEGIKNYFKLSFTLPEEQKSRTVGSEAPLKDVAQALSSRARYELFTEKETANPAFNGEVIKRYKELMEHGEGIADILRSRLAKFLNTKDVGKRFAQGTEANRWVGGKLLNIVEQDGDTFKYNEQLLQTAVLAGLQWRLTATSNTAIKDAKDVAAITGIDQALLPEGLVEQFDTGMTLTEAVSSLAQKIESYWGLSRNPNAPLGYTKGIPTAMAAEILAAFVESTDVVENIVDMSEIDPDNKKTIGLYTITELDSFDPINSFPTAIEEAVLVNPTEKMFFGDDIPPVANTQLRNPAVRNTPEQKAALKAEQATEFYVHTPMVQFYETLGKDRILELMGAGTLNKELLNDNHAKSLEGKNRSVEDSYNQLFSVIEQVRAQSEDISTVPIHYAYNMTRVGRMQMLGKYNPQSAKLVREAILPTKATLDLSNQNNEDFSAFQLGLAQALDIKVHTMTREVMSDELTKLLEGNLKPAIDMMVEFNTTGSLPENAVDVLNTALGDRKSFVALMALMEYSRYLVAEDKSAFVTPLYVEADGVTNGPINAMMLMTGGLFTPDWIRNIAKGGLFIGSPNKTMNEHRSTADNNDLYQASTNALMESLGKLRSNYASNMPIQSQIDSLLSLMDLFLPDINLGENGALELKRGIAKNPLTITIYGSGARGIAGKLVSSVTDAIYERMSDVLKARAKDPNISAAMAMFGKQAASEAHAEELLARFLKDMETLTSTVPVKRKGVLELQSTGTGAKGKINPKTYTIKGEQLKALQENMLHFFVEPLRNGITQTVGESLVYSTEQLQKATQIQSVVLEDMFKQRVQEKLAEKAKDPTWKKGDFLTQKELNDIQASLNNLAPMIETGSQTFYIAGSENAEVANQVLATNLDDRMRVPMSIYAPAQAGVAGIPFMTIGTGDGMMMQTLSTMKGAPKNTLKIFDGMNIGLNDITDASRKANEAVYTSWQGNPIKNVYESYAKFMKNVDFSKLSPEALEAIGKSALEYDQRENATVDDIANAASLIERNLRNIALGVDIRHKVLDKVNLSIDQMAAVGAPYQNNGKIDLSNMTPEQQADELNKLFREELEARKQKVAKAR	1118											
UPI000211B3A4	3nai_C	3nai	C	MLPRPSGTYAGLPIADYGDAPPLSTKTMFWRTSPEKLPPGAWEPAYLGSKDERVDGPSLQQVMRDQLKPYSEPRGLLPPQEILDAVCDAIENRLENTLEPQKPWTFKKACESLDKNTSSGYPYHKQKSKDWTGSAFIGDLGDQATHANNMYEMGKSMRPIYTAALKDELVKPDKIYGKIKKRLLWGSDLGTMIRAARAFGPFCDALKETCIFNPIRVGMSMNEDGPFIFARHANFRYHMDADYTRWDSTQQRAILKRAGDIMVRLSPEPDLARVVMDDLLAPSLLDVGDYKIVVEEGLPSGCPCTTQLNSLAHWILTLCAMVEVTRVDPDIVMQESEFSFYGDDEVVSTNLELDMVKYTMALRRYGLLPTRADKEEGPLERRQTLQGISFLRRAIVGDQFGWYGRLDRASIDRQLLWTKGPNHQNPFETLPGHAQRPSQLMALLGEAAMHGEKYYRTVASRVSKEAAQSGIEMVVPRHRSVLRWVRFGTMDAETPQERSAVFVNEDAAALEHHHHHH	517											
UPI000211B3AC	3ogq_A	3ogq	A	YNKVGTTTTLEKRPEILIFVNGYPIKFLLDTGADITVLNRRDFQVKNSIENGRQMMIGIGGGKRGTNYINVHLEIRDENYKTQCIFGNVCVLEDNSLSVNLLGRDNMIKFNIRLVM	116		72.41953513513515	88.74121081081081	0.87199		0.8134955332332696		0.83726		0.8079980552683461	
UPI00021472DB	3n27_B	3n27	B	AMKNADNINKLKSSIESTNEAVVKLQETAEKTVYVLTALQDYSGGSGGIDISIELNKAKSDLEESKEWIRRSNQKLDSIG	80		81.25824104234528	90.46954397394136	0.93995		0.941731244577935		0.92669			
UPI0002177BA6	2l8k_A	2l8k	A	GLTATLAALTDDDFQFLSDVLDCRAVRSAMNLRAALTSFQVAQYRNILNASLQVDRDAARSRRLMAKLADFAVEQEVTAGDRVVVIDGLDRMAHFKDDLVLVPLTTKVVGGSRCTICDVVKEE	123	52.674006376195535	37.25261424017003	72.12565356004252	0.30561	0.38158	0.521124528814426	0.5075413585374516	0.31112	0.28052	0.3415688549510065	0.2626535713572945
UPI00022A9A93	3rlc_A	3rlc	A	GHHHHHHSKPDPVIPDPPIDPPPGTGKYTCPFAIWSLEEVYEPPTKNRPWPIYNAVELQPREFDVALKDLLGNTKWRDWDSRLSYTTFRGCRGNGYIDLDATYLATDQAMRDQKYDIREGKKPGAFGNIERFIYLKSINAYCSLSDIAAYHADGVIVGFWRDPSSGGAIPFDFTKFDKTKCPIQAVIVVPRA	192	38.9018948734588	30.15926022063595	81.76707332900713	0.27864	0.32516	0.349374586032842	0.367222098407812	0.25963	0.32464	0.498664635695402	0.5307519772378034
UPI00022B80E1	3r3p_A	3r3p	A	GPLGSTTPERRVKEILDEMDIVYFTHHVVEGWNVAFYLGKKLAIEVNGVYWASKQKNVNKDKRKLSELHSKGYRVLTIEDDELNDIDKVKQQIQKFWVTHISNGM	105		77.37566125290023	86.70551044083528	0.92539		0.9065587009999334		0.8646			
UPI0002380B23	3s6z_B	3s6z	B	QIEDKIEEILSKIYHIENEIARIKKLIGEGSGRPVLNQGVTSAGAPLSIRNNRMTMGLNDGLTLSGNNLAIRLPGNTGLNIQNGGLQFRFNTDQFQIVNNNLTLKTTVFDSINSRIGAIEQSYVASAVTPLRLNSSTKVLDMLIDSSTLEINSSGQLTVRSTSPNLRYPIADVSGGIGMSPNYRFRQSMWIGIVSYSGSGLNWRVQVNSDIFIVDDYIHICLPAFDGFSIADGGDLSLNFVTGLLPPLLTGDTEPAFHNDVVTYGAQTVAIGLSSGGTPQYMSKNLWVEQWQDGVLRLRVEGGGSITHSNSKWPAMTVSYPRSFT	325	68.20455568958585	59.05670687575392	79.38646160032168	0.45286	0.55377	0.6880266748076772	0.6887131156137583	0.39274	0.44532		
UPI0002438B35	3txs_B	3txs	B	QVYAPLVLRDPVSNPNNRKIDQDDDYELVRRNMHYQSQMLLDMAKIALENAKNADSPRHVEVFAQLMGQMTTTNKEMLKMHKEMKDLAGAAVQK	94		72.64416998671979	90.94917662682604	0.83371		0.912353101195758		0.7932			
UPI00024594B0	3vcb_B	3vcb	B	GPLGSTFEEMALTTFMITKESYSKLKNSVSDVAFNRYLSLYNKYRYFSGKMDTAAYREAACSQLAKAMETFNHNNGNDVLYQPPTASVTTSFLQ	94	70.55455525606469	50.64512129380054	86.4687601078167	0.3595	0.31241	0.4505913879678996	0.3580534172621147	0.36258	0.29982		
UPI00024ED25D	2l9j_A	2l9j	A	GSEISGAAELDRTEEYALGVVGVLESYIGSINNITKQSACVAMSKLLTELNSDDIKKLRDNEEPNSPKIRVYNTVISYIESNRKNNKQTIHLLKRLPADVLKKTIKNTLDIHKSITINNPK	121	77.86440803382665	52.24419661733616	86.82424947145877	0.72119	0.90054	0.7119505956353966	0.9363309401964838	0.67749	0.75546	0.5580621531254705	0.5609134273568173
UPI0002501C85	3ub0_C	3ub0	C	GPLGSKLTEMKCTNVVLLGLLSKMHVESNSKEWNYCVGLHNEINLCDDPDAVLEKLLALIAFFLSKHNTCDLSDLIESYFENTTILQ	87	71.18410294117648	67.63361764705883	78.46104411764706	0.81312	0.77178	0.8879132803214553	0.8717816253428515	0.72961	0.71087		
UPI000260490B	4dvn_A	4dvn	A	RSENITQWNLQDNGTEGIQRAMFQRGVNRSLHGIWPEKICTGVPSHLATDTELKAIHGMMDASEKTNYTCCRLQRHEWNKHGWCNWYNIEPWILLMNKTQANLTEGQPLRECAVTCRYDRDSDLNVVTQARDSPTPLTGCKKGKNFSFAGILVQGPCNFEIAVSDVL	167	48.573930722891575	47.14667168674698	88.95393825301205	0.58062	0.56423	0.5034994975768172	0.5020860920185531	0.54274	0.52825	0.4929950024339208	0.4889904459263707
UPI0002638CAF	4eo0_A	4eo0	A	MDNWESITKSYYTGFAISKTVESKDKDGKPVRKEVITQADLTTACNDAKASAQNVFNQIKLTLSGTWPNSQFRLVTGDTCVYNGSPGEKTESWSIRAQVEGDIQRSVPDHHHHHH	115		84.1883885209713	90.03330022075056	0.92382		0.9619270385509264		0.85915		0.5139563407914937	
UPI0002662A85	4d9j_A	4d9j	A	MPFITVGQENSTSIDLYYEDHGTGVPVVLIHGFPLSGHSWERQSAALLDAGYRVITYDRRGFGQSSQPTTGYDYDTFAADLNTVLETLDLQDAVLVGFSMGTGEVARYVSSYGTARIAAVAFLASLEPFLLKTDDNPDGAAPQEFFDGIVAAVKADRYAFYTGFFNDFYNLDENLGTRISEEAVRNSWNTAASGGFFAAAAAPTTWYTDFRADIPRIDVPALILHGTGDRTLPIENTARVFHKALPSAEYVEVEGAPHGLLWTHAEEVNTALLAFLAKALEAQKQKLLTEVETYVLSIIPSGPLKAEIAQRLEDVFAGKNTDLEVLMEWLKTRPILSPLTKGILGFVFTLTVPSERGLQRRRFVQNALNGNGDPNNMDKAVKLYRKLKREITFHGAKEISLSYSAGALASCMGLIYNRMGAVTTEVAFGLVCATCEQIADSQHRSHRQLEHHHHHH	456											
UPI00028BC7BA	4gua_B	4gua	B	GPLGSANPFSCKTNVCWAKALEPILATAGIVLTGCQWSELFPQFADDKPHSAIYALDVICIKFFGMDLTSGLFSKQSIPLTYHPADSARPVAHWDNSPGTRKYGYDHAIAAELSRRFPVFQLAGKGTQLDLQTGRTRVISAQHNLVPVNRNLPHALVPEYKEKQPGPVKKFLNQFKHHSVLVVSEEKIEAPRKRIEWIAPIGIAGADKNYNLAFGFPPQARYDLVFINIGTKYRNHHFQQCEDHAATLKTLSRSALNCLNPGGTLVVKSYGYADRNSEDVVTALARKFVRVSAARPDCVSSNTEMYLIFRQLDNSRTRQFTPHHLNCVISSVYEGTRDGVGAAPSYRTKRENIADCQEEAVVNAANPLGRPGEGVCRAIYKRWPTSFTDSATETGTARMTVCLGKKVIHAVGPDFRKHPEAEALKLLQNAYHAVADLVNEHNIKSVAIPLLSTGIYAAGKDRLEVSLNCLTTALDRTDADVTIYCLDKKWKERIDAALQLKESVTELKDEDMEIDDELVWIHPDSCLKGRKGFSTTKGKLYSYFEGTKFHQAAKDMAEIKVLFPNDQESNEQLCAYILGETMEAIREKCPVDHNPSSSPPKTLPCLCMYAMTPERVHRLRSNNVKEVTVCSSTPLPKHKIKNVQKVQCTKVVLFNPHTPAFVPARKYIEV	670											
UPI00028BC80A	2lsn_A	2lsn	A	GAMGQYEGVFYTDGSAIKSPDPTKSNNAGMGIVHATYKPEYQVLNQWSIPLGNHTAQMAEIAAVEFACKKALKIPGPVLVITDSFYVAESANKELPYWKSNGFVNNKKKPLKHISKWKSIAECLSMKPDITIQHEKGHQPTNTSIHTEGNALADKLATQGSYVVN	165		82.20815602836879	87.66147360126084	0.9659		0.9429330095201228		0.87996		0.7807418884822076	
UPI00028BC82A	4bac_A	4bac	A	GSHMCNTKKPNLDAELDQLLQGHYIKGYPKQYTYFLEDGKVKVSRPEGVKIIPPQSDRQKIVLQAHNLAHTGREATLLKIANLYWWPNMRKDVVKQLGRCQQCLITNASNKASGPILRPDRPQKPFDKFFIDYIGPLPPSQGYLYVLVVVDGMTGFTWLYPTKAPSTSATVKSLNVLTSIAIPKVIHSDQGAAFTSSTFAEWAKERGIHLEFSTPYHPQSGSKVERKNSDIKRLLTKLLVGRPTKWYDLLPVVQLALNNTYSPVLKYTPHQLLFGIDSNTPFANQDTLDLTREEELSLLQEIRTSLYHPSTPPASSRSWSPVVGQLVQERVARPASLRPRWHKPSTVLKVLNPRTVVILDHLGNNRTVSIDNLKPTSHQNGTTNDTATMDHLEKNE	396		80.05697046681486	82.76130200063513	0.48676		0.8714696489353211		0.47557		0.3438613019798113	
UPI0002A54C03	5g4b_A	5g4b	A	ALKFEADRTFAVKNEDGKIMGYAVAMEGKVIKPLHVKGTIDHPALAKLKFTKSSSYDMEFAKLPTEMKSDAFGYTTEHPEGFYNWHHGAVQFSGGRFTIPTGAGGPGDSGRPILDNSGKVVAIVLGGANEGARTALSVVTWNKKGAAIKTTHEDTVEW	158		76.83443238731218	86.31643572621034	0.93234		0.8744383772047007		0.92462		0.3105927207284739	
UPI0002AA2D33	6ivc_E	6ivc	E	MAHHHHHHMSSKQFKILVNEDYQVNVPSLPIRDVLQEIKYCYRNGFEGYVFVPEYCRDLVDCDRKDHYVIGVLGNGVSDLKPVLLTEPSVMLQGFIVRANCNGVLEDFDLKIA	113	36.71824753559693	32.79613362541073	86.58110624315444	0.2888	0.34843	0.3530881032759041	0.3593568975403329	0.26691	0.32201		
UPI000328228F	7v38_B	7v38	B	GAMDHVEFGLTYSQLMTLKDAMLQLDPNAKTWMDIEGRPEDPVEIALYQPSSGCYIHFFREPTDLKQFKQDAKYSHGIDVTDLFATQPGLTSAVIDALPRNMVITCQGSDDIRKLLESQGRKDIKLIDIALSKTDSRKYENAVWDQYKDLCHMHTGVVVEKKKRGGKEEITPHCALMDCIMFDAAVSGGLNTSVLRAVLPRDMVFRTSTPRVVL	214		71.92586555621654	88.22672813801309	0.87989		0.8258264266865534		0.86004			
UPI00034F234F	4hr1_B	4hr1	B	MAFNGAQTVIQKISWLRTAIAFLKGYMETTGATKKELEQVEKLKERVDEIATAVNWDVYAQYARGDFNLLSDDEYKEIQKALLVLEDIKEQIIVEMLRVGLAQGQMGTLKISDYLDSLDSHHHHHH	126	68.49933070866142	60.96562007874016	82.69462598425196	0.70325		0.7835472325855827		0.74332	0.70594		
UPI000352712E	4kpq_A	4kpq	A	IQDRICVGYLSTNSSERVDTLLENGVPVTSSIDLIETNHTGTYCSLNGVSPVHLGDCSFEGWIVGNPACTSNFGIREWSYLIEDPAAPHGLCYPGELNNNGELRHLFSGIRSFSRTELIPPTSWGEVLDGTTSACRDNTGTNSFYRNLVWFIKKNNRYPVISKTYNNTTGRDVLVLWGIHHPVSVDETKTLYVNSDPYTLVSTKSWSEKYKLETGVRPGYNGQRSWMKIYWSLIHPGEMITFESNGGFLAPRYGYIIEEYGKGRIFQSRIRMSRCNTKCQTSVGGINTNRTFQNIDKNALGDCPKYIKSGQLKLATGLRNVPAISNR	327	51.46035257652072	49.81642386671832	86.41968229368462	0.57603		0.537027491643609		0.57115	0.58221	0.2753536094263688	0.2814558278546196
UPI00035AC98D	4ieg_C	4ieg	C	MAPTNESPKHAETRIVTDAPRNSESVGDHLFNGGVNHHDEDPDAYTKMYGPLVGYDPRNPTTLFANARQTGTQLVAPRKAREILTGIYSFEPTVLAFQREFVKRANAVAQPDLNSDGFSLNGLHTTFDSIRSVSGYPQWPVSALPKSNVGLLRDLKLQERMTARQVVIAREIWKRVWGHMKPTAIKIPKMSTSGPPRNVNDAEMKLQYALALFSGNRYNGYLDAFKSGDLSRFYRDYEAAVIMGTNVRWQVDNPGKKRDYWAQADIERELAPSKRPITTKVEINGTVYDDFAAMRTRLVNAGPWTINVALQPFATGCMNAMFELYRATWHPDEDKIAGFLEGKHAFFGDVSSYDHSFSEEKIDLSLEVGKEFISPEIMELASSLFYAAYFTRPLGPDDGPQLVGNPNRYLEKQVKAGNRSGHAFTSLFAKVWKVIDTVSKFDQMGYDVVANMDAILKGDMPFGCINNGDDEIVWFKSERDYRLFLRLLETQPQEQRMFKVGPEEGAVFSGSVYQLIGPLKYQAVERITTPFQRIICPERSIGGNFRKFWPLGILERYNKRNSHPVLEEVWRVFDDTYATLMEPHYGSFLGIVQRAHKEIPFSVDDLSWKEIMVLDDPNKMYHRFTDEEIRDQVQESAFRKLQPIFFERMFKEHYKGNYV	659											
UPI000387ACDD	5fj7_B	5fj7	B	GFNLKVKDLNGSARGLTQAFAIGELKNQLSVGALQLPLQFTRTFSASMTSELLWEVGKGNIDPVMYARLFFQYAQAGGALSVDELVNQFTEYHQSTACNPEIWRKLTAYITGSSNRAIKADAVGKVPPTAILEQLRTLAPSEHELFHHITTDFVCHVLSPLGFILPDAAYVYRVGRTATYPNFYALVDCVRASDLRRMLTALSSVDSKMLQATFKAKGALAPALISQHLANAATTAFERSRGNFDANAVVSSVLTILGRLWSPSTPKELDPSARLRNTNGIDQLRSNLALFIAYQDMVKQRGRAEVIFSDEELSSTIIPWFIEAMSEVSPFKLRPINETTSYIGQTSAIDHMGQPSHVVVYEDWQFAKEITAFTPVKLANNSNQRFLDVEPGISDRMSATLAPIGNTFAVSAFVKNRTAVYEAVSQRGTVNSNGAEMTLGFPSVVERDYALDRDPMVAIAALRTGIVDESLEARASNDLKRSMFNYYAAVMHYAVAHNPEVVVSEHQGVAAEQGSLYLVWNVRTELRIPVGYNAIEGGSIRTPEPLEAIAYNKPIQPSEVLQAKVLDLANHTTSIHIWPWHEASTEFAYEDAYSVTIRNKRYTAEVKEFELLGLGQRRERVRILKPTVAHAIIQMWYSWFVEDDRTLAAARRTSRDDAEKLAIDGRRMQNAVTLLRKIEMIGTTGIGASAVHLAQSRIVDQMAGRGLIDDSSDLHVGINRHRIRIWAGLAVLQMMGLLSRSEAEALTKVLGDSNALGMVVATTDIDPSLHHHHHH	775											
UPI000392CFC2	4hob_C	4hob	C	GSHMASNPISEEMNLKILAYLGTKQGAKAVHIAQSLGAQRSEVNRHLYRMSEDGRVRKHPQHPVWYLPA	69		78.88436697247705	91.2764770642202	0.92975		0.940705328124916		0.78033			
UPI0003C0DDB3	4c2i_F	4c2i	F	SVALAPHVGLGLETRTETWMSSEGAWKQIQKVETWALGHPGFTVIALFLAHAIGTSITQKGIIFILLMLVTPSY	74	61.94698412698412	47.82774250440917	78.05292768959436	0.47164		0.7027843579977925		0.36601	0.38322		
UPI0003C63EA7	2yq1_C	2yq1	C	GSKRYSRYQKPHNPSDPLPKKYQGMRRHLQVTAPRLFDPEGHPPTHFKSAVMFSSTHPYTLNKLHKCIQSKHVLSTPVSCLPLVPGTTQQCVTYYLLSFVEDKKQAKKLKRVVLAYCEKYHSSVEGTIVKAKPYFPLPE	139	61.3987533392698	55.48704363312555	85.65520035618879	0.65243	0.63311	0.6347920676356046	0.6316512388866238	0.63348	0.60959		
UPI0003D405CA	2mch_A	2mch	A	MRGSHHHHHHGSGALAALHAEGPLAGLPVTRSDARVLIFNEWEERKKSDPWLRLDMSDKAIFRRYPHLR	69	69.3504973357016	51.78095914742451	75.76428063943163	0.32302		0.5493964931454731		0.33179	0.58683	0.5694598514911015	0.5578279070466571
UPI0003DE728F	4n0n_A	4n0n	A	MGSSHHHHHSSGENLYFQGHMSAVCTVCGAAPVAKSACGGWFCGNCVPYHAGHCHTTSLFANCGHDIMYRSTYCTMCEGSPKQMVPKVPHPILDHLLCHIDYGSKEELTLVVADGRTTSPPGRYKVGHKVVAVVADVGGNIVFGCGPGSHIAVPLQDTLKGVVVNKALKNAAASEYVEGPPGSGKTFHLVKDVLAVVGSATLVVPTHASMLDCINKLKQAGADPYFVVPKYTVLDFPRPGSGNITVRLPQVGTSEGETFVDEVAYFSPVDLARILTQGRVKGYGDLNQLGCVGPASVPRNLWLRHFVSLEPLRVCHRFGAAVCDLIKGIYPYYEPAPHTTKVVFVPNPDFEKGVVITAYHKDRGLGHRTIDSIQGCTFPVVTLRLPTPQSLTRPRAVVAVTRASQELYIYDPFDQLSGLLKFT	423											
UPI0003E9D126	4che_A	4che	A	GAMASTHHTMKIRSTKFSILNSDHPRIEVKKVFSLSPDVQVTIPYRRFKGKAKVYFQNDQIQGYFSCTDRQIDEIKISAPKNAPLLEPLLDICYYGSFIEPGFEQTFGFYPAGKREFVDSFFMHHSKDHKAFLIHMGLDKDLSLPLSPELNWKEPALSKVCRVTELDS	168	34.13035294117647	27.373595588235293	77.65067647058824	0.31258	0.32926	0.3196811751080238	0.2603814894531088	0.25953	0.29872		
UPI0003E9D153	4nzg_A	4nzg	A	SHTSEHFHYTVTDIKDLTKLGAIYDKTKKYWVYQGKPVMPDQFTFELLDFLHQLTHLSFSKMKALLERSHSPYYMLNRDRTLKNITETCKACAQVNASKS	100		82.85088484848487	91.24734545454544	0.94805		0.9541671759328773		0.88485		0.3687072473833525	
UPI0003F4A86D	2m5s_A	2m5s	A	HHHHHHGSTATGITVSGAQSFKPVAWQLDNDGNKVNVDNRFATVTLSATTGMKRGDKISFAGVKFLGQMAKNVLAQDATFSVVRVVDGTHVEITPKPVALDDVSLSPEQRAYANVNTSLADAMAVNILNV	130	68.51041067761807	67.24398357289529	80.13618069815195	0.6272	0.69481	0.7279488108472724	0.752354207581366	0.61826	0.68093		
UPI000436DEEE	5jkt_C	5jkt	C	GAMTSSADLTNLKELLSLYKSLRFSDSAAIEKYNSLVEWGTSTYWKIGVQKV	52		70.4435294117647	79.79017156862744	0.81119		0.8636686622486079		0.77681			
UPI0004400470	4jz5_A	4jz5	A	MGSSHHHHHHSSGLVPRGSHMMVLVLDISKWQPTVNYSGLKEDVGFVVIRSSNGTQKYDERLEQHAKGLDKVGMPFGLYHYALFEGGQDTINEANMLVSAYKKCRQLGAEPTFLFLDYEEVKLKSGNVVNECQRFIDHVKGQTGVKVGLYAGDSFWKTHDLDKVKHDLRWVARYGVDNGKPSTKPSIPYDLWQYTSKGRIKAIASPVDMNTCSSDILNKLKGS	223		86.52085649461146	92.04929665343164	0.9274		0.9680577860482796		0.90413		0.2421225322521767	
UPI000533FF2E	4wur_A	4wur	A	GSHMASQLTIEVLVTVDGVNFRTVVLNNKNTYRSQLGCVFFNGADISDTIPDEKQNGHSLYLADNLTADETKALKELYGPVDPTFLHRFYSLKAAVHGWKMVVCDKVRSLKLSDNNSYLNAVIMTLDLLKDIKFVIPALQHAFMKHKGGDSTDFIALIMAYGNCTFGAPDDASRLLHTVLAKAELCCSARMVWREWCNVCGIKDVVLQGLKACCYVGVQTVEDLRARMTYVCQCGGERHRQLVEHTTPWLLLSGTPNEKLVTTSTAPDFVAFNVFQGIETAVGHYVHARLKGGLILKFDSGTVSKTSDWKCKVTDVLFPGQKYSSD	326	70.37615870509278	67.7761152783261	93.8719107777339	0.82343	0.81998	0.7705610317308567	0.7981797888032449	0.8206	0.81337	0.2429535118905664	0.2560313180499635
UPI00054CD369	4r8t_B	4r8t	B	TTTGVYRIMARGILGTYQAGVGVMYENVFHTLWHTTRGAAIMSGEGKLTPYWGSVKEDRIAYGGPWRFDRKWNGTDDVQVIVVEPGKAAVNIQTKPGVFKTPLGEVGAVSLDYPRGTSGSPILDSNGDIIGLYGNGVELGD	141		72.96874531835205	90.25152621722847	0.91152		0.9049894040709422		0.90581			
UPI0005B2EBD9	4tt1_B	4tt1	B	GPLGSAKQQRAEATERVTAGLREVLAARERRAQLEAEGLANLKTLLKVVAVPATVAKTLDQARSAEEIADQVEILVDQTEKARELDVQAVAWLEHAQRTFETHPLSAASGDGPGLLTRQGARLQALFDTRRRVEALRR	138	66.34919811320754	66.34919811320754	89.70024528301886	0.56413	0.56413	0.639837381938505	0.639837381938505	0.58381	0.58381		
UPI0005D2D2DF	5af2_D	5af2	D	SNADPNYFIGIQFRNIPYKYDVKIPHLTFGVLHISDNMVPDVIDILKIMKNELFKMDITTSYTYMLSDGIYVANVSGVLSTYFKIYNVFYKNQITFGQSRMFIPHITLSFNNMRTVRIETTKLQIKSIYLRKIKGDTVFDMVE	143		86.28020373514431	85.77586587436333	0.92235		0.8730335147194941		0.93861			
UPI0005F591C5	5mhs_A	5mhs	A	MELPTYRYPLELDTANNRVQVADRFGMRTGTWTGQLQYQHPQLSWRANVTLNLMKVDDWLVLSFSQMTTNSIMADGKFVINFVSGLSSGWQTGDTEPSSTIDPLSTTFAAVQFLNNGQRIDAFRIMGVSEWTDGELEIKNYGGTYTGHTQVYWAPWTIMYPCNVR	165	72.6660363086233	62.91435703479576	85.7394099848714	0.78829	0.78348	0.8015339147266216	0.803098185134633	0.82108	0.82464		
UPI0005F591DB	4uf7_A	4uf7	A	ETGAHGPSPCRNFSSVPTIYYYRIPGLYNRTALDERCILNPRLTISSTKFAYVHSEYDKNCTRGFKYYELMTFGEILEGPEKEPRMFSRSFYSPTNAVNYHSCTPIVTVNEGYFLCLECTSSDPLYKANLSNSTFHLVILRHNKDEKIVSMPSFNLSTDQEYVQIIPAEGGGTAESGNLYFPCIGRLLHKRVTHPLCKKSNCSRTDDESCLKSYYNQGSPQHQVVNCLIRIRNAQRDNPTWDVITVDLTNTYPGSRSRIFGSFSKPMLYQSSVSWHTLLQVAEITDLDKYQLDWLDTPYISRPGGSECPFGNYCPTVCWEGTYNDVYSLTPNNDLFVTVYLKSEQVAENPYFAIFSRDQILKEFPLDAWISSARTTTISCFMFNNEIWCIAALEITRLNDDIIRPIYYSFWLPTDCRTPYPHTGKMTRVPLRSTYNYPYDVPDYAGTKHHHHHH	454											
UPI0006187DF1	2mxd_A	2mxd	A	GAMAIALRDDEYDEWQDIIRDWRKEMTVQQFLDLKERALSGASDPDSQRYNAWLELRAKRLS	62		70.81631274131274	86.60785714285713	0.59596		0.704055212497598		0.51253			
UPI00062CAFEC	4v08_B	4v08	B	MGSSHHHHHHSSGLVPRGSHMGPVYVSGYLALYDRDGGELALTREIVAAALPPAGPLPINIDHRPRCDIGAVLAVVDDDRGPFFLGVVNCPQLGAVLARAVGPDFFGDMRLSDEERLLYLLSNYLPSASLSSRRLAPGEAPDETLFAHVALCVIGRRVGTIVVYDASPEAAVAPFRQLSARARSELLARAAESPDRERVWHMSEEALTRALLSTAVNNMLLRDRWELVAARRREAGVRGHTYLQ	244		78.95537640149492	86.47491724506139	0.91146		0.9108064097253232		0.85654			
UPI00062CB029	4ypi_A	4ypi	A	AVRQRVIPVYQVNNLEEICQLIIQAFEAGVDFQESADSFLLMLCLHHAYQGDYKLFLESGAVKYLEGHGFRFEVKKRDGVKRLEELLPAVSSGKNIKRTLAAMPEEETTEANAGQFLSFASLFLPKLVVGEKACLEKVQRQIQVHAEQGLIQYPTAWQSVGHMMVIFRLMRTNFLIKFLLIHQGMHMVAGHDANDAVISNSVAQARFSGLLIVKTVLDHILQKTERGVRLHPLARTAKVKNEVNSFKAALSSLAKHGEYAPFARLLNLSGVNNLEHGLFPQLSAIALGVATAHGSTLAGVNVGEQYQQLREAATEAE	317	39.32929583164711	32.468579522460544	83.82127074059085	0.25645	0.31204	0.3999548516896831	0.4018454793364009	0.27912	0.30889	0.2863874034463274	0.2638058153035194
UPI000641889E	2n2j_B	2n2j	B	GAMEMPTFYLALHGGQTYHLIVDTDSLGNPSLSVIPSNPYQEQLSDTPLIPLTIFVGENTGV	62	72.58792735042734	54.770021367521366	66.7507264957265	0.45553		0.6591557570087594		0.66942	0.71812		
UPI00064188B7	4ph2_B	4ph2	B	PIISEGNRNRHRAWALRELQDIKKEIENKAPGSQVWIQTLRLAILQADPTPADLEQLCQYIASPVDQTAHMTSLTAAIAAAEAANTLQGFNPQNGTLTQQSAQPNAGDLRSQYQNLWLQAWKNLPTRPHHHHHH	134		78.07770028275212	84.82705937794535	0.8504		0.8810605648623511		0.90452			
UPI0006526432	6kp3_B	6kp3	B	MNHKVHHHHHHHHMLETLINKIYTGPLGEELVQTLYLRIWAMEETPESLKILQMREDIRDQVLKMKTERWLRTLIRGEKTKLKDFQKRYEEVHPYLMKEKVEQVIMEEAWSLAAHIVQE	119	48.63946078431373	42.197490196078434	85.37911764705882	0.59847	0.3747	0.5449642647776304	0.4687369176403486	0.54189	0.36833		
UPI0006891DF5	4uxf_B	4uxf	B	MGSSHHHHHHSQDPSQFIRRDIAQTVNGSLTLTQQTNLSAPLVSSSTGEFGGSLAANRTFTIRNTGAPTSIVFEKGPASGANPAQSMSIRVWGNQFGGGSDTTRSTVFEVGDDTSHHFYSQRNKDGNIAFNINGTVMPININASGLMNVNGTATFGRSVTANGEFISKSANAFRAINGDYGFFIRNDASNTYFLLTAAGDQTGGFNGLRPLLINNQSGQITIGEGLIIAKGVTINSGGLTVNSRIRSQGTKTSDLYTRAPTSDTVGFWSIDINDSATYNQFPGYFKMVEKTNEVTGLPYLERGEEVKSPGTLTQFGNTLDSLYQDWITYPTTPEARTTRWTRTWQKTKNSWSSFVQVFDGGNPPQPSDIGALPSDNATMGNLTIRDFLRIGNVRIVPDPVNKTVKFEWVE	410											
UPI0006D52A60	6xzd_CP1	6xzd	CP1	MSLLLTIAKEYKRLCQDAKAAQMMTVGTVSNYTTFKKWTTSRKEKNPSLRMRWAMSSKFPIIANKRMLEEAQIPKEHNNVALWEDTEDVSKRDHVLASASCINYWNFCGPCVNNSEVIKEVYKSRFGRLERRKEIMWKELRFTLVDRQRRRVDTQPVEQRLRTGEIKDLQMWTLFEDEAPLASKFILDNYGLVKEMRSKFANKPLNKEVVAHMLEKQFNPESRFLPVFGAIRPERMELIHALGGETWIQEANTAGISNVDQRKNDIRAVCRKVCLAANASIMNAKSKLVEYIKSTSMRIGETERKLEELILETDDVSPEVTLCKSALGGQLGKTLSFGPMLLKKISGSGVKVKDTVYIQGVRAVQFEYWSEQEEFYGEYKSATALFSRKERSLEWITIGGGINEDRKRLLAMCMIFCRDGDYFKDAPATITMADLSTKLGREIPYQYVMMNWIQKSEDNLEALLYSRGIVETNPGKMGSSMGIDGSKRAIKSLRAVTIQSGKIDMPESKEKIHLELSDNLEAFDSSGRIVATILDLPSDKKVTFQDVSFQHPDLAVLRDEKTAITKGYEALIKRLGTGDNDIPSLIAKKDYLSLYNLPEVKLMAPLIRPNRKGVYSRVARKLVSTQVTTGHYSLHELIKVLPFTYFAPKQGMFEGRLFFSNDSFVEPGVNNNVFSWSKADSSKIYCHGIAIRVPLVVGDEHMDTSLALLEGFSVCENDPRAPMVTRQDLIDVGFGQKVRLFVGQGSVRTFKRTASQRAASSDVNKNVKKIKMSNARENLYFQ	782											
UPI000718AB7B	5dob_B	5dob	B	NKVLHQDLVQATRRILKLGPSELRVTDAGLICKNPNYSVCDAMLKTDTVYCVEYLLSYWESRADHVPCFIFKNTGCAVSLCCFVRAPVALVSPARHVGEFNVLKVNESLIVTLKDIEEIKPSAYGVLTKCVVRKSNSASVFNIELIAFGPENEGEYENLLRELYA	165	39.25143962848297	30.313591331269347	87.05961300309596	0.38644	0.32017	0.3464421215064935	0.3204171486453554	0.39092	0.30456		
UPI000718AB9A	5doe_B	5doe	B	GPLGSMLKLSELHDVFQRHPELELKYLNMMKMAITGKESICLPFNFHSHRQHTCLDISPYGNEQVSRIACTSCEDNRILPTASDAMVAFINQTSNIMKNRNFYYGFCKSSELLKLSTNQPPIFQIYYLLHAANHDIVPFMHAEDGRLHMHVIFENPDVHIPCDCITQMLTAAREDYSVTLNIVRDHVVISVLCHAVSASSVKIDVTILQRKIDEMDIPNDVSESFERYKELIQELCQ	237	37.64174486030574	59.565213494992086	88.70124934106484	0.16294		0.2346372985568194		0.16345	0.2904		
UPI00071EA026	5cyn_A	5cyn	A	KVEDPKDFPVDLHAFLSQAVFSNRTVASFAVYTTKEKAQILYKKLMEKYSVTFISRHGFGGHNILFFLTPHRHRVSAINNYCQKLCTFSFLICKGVNKEYLFYSALCRQPYAVVEESIQGGLKEHDLNPE	130	47.77959318826869	46.59271523178808	86.74727530747398	0.50985	0.4624	0.4491988897873362	0.352817563311785	0.50812	0.46086		
UPI00073339C0	5ewo_A	5ewo	A	MGEEYKVVLTFGSPMSPNANNKQTWVNKPLDAPSGHYNVKIAKDVDHYLTMQGFTSIASVDWYTIDFQPSEAPAPIKGLQVLVNISKKADVYAVKQFVTAQTNNKHQVTSLFLVKVTTGFQVNNYLSYFYRASATGDATTNLLVRGDTYTAGISFTQGGWYLLTNTSIVDGAMPPGWVWNNVELKTNTAYHMDKGLVHLIMPLPESTQMCYEMLTSIPAAAELALVPR	228	41.45261261261261	25.36997184684685	82.31197072072074	0.2579	0.27376	0.2080624372902697	0.2202987356757267	0.25194	0.23795		
UPI00073339E8	5fmo_S	5fmo	S	GPVCAEASDVYSPCMIASTPPAPFSDVTAVTFDLINGKITPVGDDNWNTHIYNPPIMNVLRTAAWKSGTIHVQLNVRGAGVKRADWDGQVFVYLRQSMNPESYDARTFVISQPGSAMLNFSFDIIGPNSGFEFAESPWANQTTWYLECVATNPRQIQQFEVNMRFDPNFRVAGNILMPPFPLSTETPPLLKFRFRDIERSKRSVMVQHTATAA	213	60.63756417910448	59.92837014925373	75.13872835820895	0.78202		0.7697607067215192		0.75818	0.77157		
UPI00076F13BE	5d7u_A	5d7u	A	GPGSADPKPMVMWKDLLTGSWKGPDVLITAGRGYACVFPQDAESPIWVPDRFIRPFTE	58		80.929933481153	89.59824833702883	0.91193		0.9489641958506532		0.85921			
UPI00076F13E6	5i14_A	5i14	A	MNIFEMLRIDEGGGSGGDEAEKLFNQDVDAAVRGILRNAKLKPVYDSLDAVRRAALINMVFQMGETGVAGFTHSLHALQHKHWDHAAVHLAKSRWYNQTPNRAKRVITTFRTGTWDAYKNL	121		88.41108220603539	94.12964620187304	0.98394		0.9715683090809588		0.97546		0.9732058015556878	
UPI00077534ED	5hm2_C	5hm2	C	GSGAPPTDLQKMVMANVKPVELILDGKTVALCCATGVFGTAYLVPRHLFAEKYDKVVLDGRQLDNSDFRVFEFEVKVKGQDMMSDAALMVLNRGQRVRDITMHFRDQVHIKKGTPVLGVINNADVGRLIFSGDALTYKDVVVAMDGDTMPGLFAYRAGTKVGYAGGAVMTKDGAHTVIIGTHSAGGNGVGYCSCVSRSSLLQLKAHIDP	209		83.91929712460065	90.95246006389776	0.98146		0.9528198278824256		0.93921			
UPI0007AC51AC	5b1q_A	5b1q	A	GPEGSKTFNIPTFVLDENCNFIPDVLSRANAKFIKEVLIRDSYNAVCLANSFIPMATQTVEQILIIITKFKFSRSRDLLMSVFRLGVHINRFYAGKNQVKHMITMMKSLFDTEEAMRQLDRALMGLFVDARDNSYMPLIALSLHENGLPDSKFIKAVRLIQTTVNSFHNRPDADIEQYAEKLRAYNYLYKIPKYTLKEAVDIYSDNLKDLTIGVNKKPTLLFTSSDDAYLSHIYNDLLFLTSTWNMIYNCKKEIRRLNTWIKYEINSIMETAVLVGFQLPDLKETILDLAALISNMNLVSPDKELFPHYKLILAKLFEICIFATKANICILPSFIKGHLIEFEDVLKRSNDDEDLNYLLLKSRDSDDEYDEDKPPIQVDPGRVDNVLTDSDFFNVTPENAFSSIAIMPISYDKTIDVEDNEIQVLEVEMQSLSAVVYGAVASKYGLSLEQVIRKLNQNE	459											
UPI0007AC5213	5dck_B	5dck	B	HMVQLRQGAKEDYSSFIDRLFAQIDQEQNTAEVKLYLKQSLSIANANADCKKAMSHLKPESTLEEKLRACQE	72		86.26462608695653	91.35177391304347	0.98573		0.9842526761944632		0.92777			
UPI0007F04AD2	5ize_A	5ize	A	GMDKYREIHNKLKEFSPGTLTAVECIDYLDRLYAVRHDIVDQMIKHDWSDNKDSEEAIGKVLLFAGVPSNIITALEKKIIPNHPTGKSLKAFFKMTPDNYKISGTTIEFVEVTVTADVDKGIREKKLKYEAGLTYIEQELHKFFLKGEIPQPYKITFNVVAVRTDGSNITTQWPSRRNDG	180	74.85560082872928	43.43006906077348	87.1675138121547	0.45838	0.8976	0.514314829178698	0.8814543309899613	0.46968	0.84899	0.4067787716249587	0.4988397323566392
UPI0007F04B2F	5c94_A	5c94	A	GPLGSNNELMPHGVKTKACVAGVDQAHCSVESKCYYTSISGSSVVAAITSSNPNLKVASFLNEAGNQIYVDLDPPCKFGMKVGDKVEVVYLYFIKNTRSIVRGMVLGAISNVVVLQ	116	43.19927906976745	29.556906976744187	85.50132558139536	0.31028	0.42701	0.3254328014108148	0.4544891584302997	0.30859	0.45483	0.2314754715399762	0.2445118952866701
UPI0007F04B52	5j1n_A	5j1n	A	GMEEDIACVKDLVSKYLADNERLSRQKLAFLVQTEPRMLLMEGLKLLSLCIEIDSCNANGCEHNSEDKSVERILHDHGILTPSLCFVVPDGYKLTGNVLILLECFVRSSPANFEQKYIEDFKKLEQLKEDLKTVNISLIPLIDGRTSFYNEQIPDWVNDKLRDTLFSLLRYAQES	175	57.9643487544484	57.9643487544484	93.48972241992882	0.49065	0.49065	0.5732624755128708	0.5732624755128708	0.50078	0.50078	0.4155938505746192	0.4155938505746192
UPI000864915B	5hbz_B	5hbz	B	ESSNKISCLPRVAQNLGYHYSPDLPGFCPIPKELAEHWPVVSNDRYPNCLQITLQQVCELSKPCSAGYMVGQSVFVQTPGVTSYWLTEWVDGKARALPDSLFSSGRFETNSRAFLDEAEEKFAAAHPHACLGEINKSTVGGSHFIFSQYLPPLLPADAVALVGASLAGKAAAAACSVVDVYAPSFEPYLHPETLSRVYKIMIDFKPCRLMVWRNATFYVQE	221	34.855000000000004	26.40320303383897	94.3474154025671	0.26097		0.2552089503255398		0.27823	0.32614		
UPI0008A09D91	5m1o_A	5m1o	A	GPAMNSVFSGLDMLILLPYERRGTRLVVEDYRPDHIYCIGADFGKNQDYSVFSVLDLDTGAIACLERMNGATWSDQVARLKALSEDYGHAYVVADTWGVGDAIAEELDAQGINYTPLPVKSSSVKEQLISNLALLMEKGQVAVPNDKTILDELRNFRYYRTASGNQVMRAYGRGHDDIVMSLALAYSQYEG	191		83.77748990578735	93.36689771197848	0.97138		0.9419800464456732		0.95666			
UPI0008A09DB8	5m1h_A	5m1h	A	PIGTVIPIQHIRSVTGEPPRNPREIPIWLGRNAPAIDGVFPVTTPDLRCRIINAILGGNIGLSLTPGDCLTWDSAVATLFIRTHGTFPMHQLGNVIKGIVDQEGVATAYTLGMMLSGQNYQLVSGIIRGYLPGQAVVTALQQRLDQEIDDQTRAETFIQHLNAVYEILGLNARGQSIRLE	180	75.97413642960814	68.4350870827286	87.43497822931785	0.49631	0.80068	0.7065864686780413	0.8109722832445884	0.47233	0.7957		
UPI0008A09DF1	5gyq_A	5gyq	A	GIQSYCTPPYSVLQDPPQPVVWRRYMLYDCVFDFTVVVDSLPTHQLQCYGVSPRRLASMCYGSVTLDVMRINETHLNNLFNRVPDTFSLYNYALPDNFYGCLHAFYLNSTAPYAVANRFPIKPGGRQSNSAFIDTVINAAHYSPFSYVYGLAVITLKPAAGSKLVCPVANHHHHHH	176	38.26453247680229	24.655438972162745	86.14562455389009	0.27154	0.32442	0.2689015730931816	0.2883120988341022	0.26878	0.30433	0.2485787044465559	0.2822877073193894
UPI000957C7D0	5hrg_B	5hrg	B	SGGGMLTLIQGKKIVNHLRSRLAFEYNGQLIKILSKNIVAVGSLRREEKMLNDVNLLIIVPEKKLLKHVLPNIRIKGLSFSVKVCGERKCVLFIEWEKKTYQLDLFTALAEEKPYAIFHFTGPVSYLIRIRAALKKKNYKLNQYGLFKNQTLVPLKITTEKELIKELGFTYRIPKKRL	178		89.32527911784976	91.63691247415576	0.95683		0.9117766928667612		0.98193			
UPI000957C7E0	5t82_A	5t82	A	DKWTVQPIVLPEKDSWTVNDIQKLVGKLNWASQIYPGIKVRQLSKLLRGTKALTEVIPLTEEAELELAENREILKEPVHGVYLEHHHHHH	90		80.57817320703653	79.34151556156968	0.86243		0.904604418154366		0.77325			
UPI00097159AF	4qpg_B	4qpg	B	ASYFTSVDQSSVHTAEVGSHQIEPLKTSVDKPGSKKTQGEKFFLIHSARWLTTHALFHEVAKLDVVKLLYNEQFAVQGLLRYHTYARFGIEIQVQINPTPFQQGGLICAMVPGDQSYGSIASLTVYPHGLLNCNINNVVRIKVPFIYTRGAYHFKDPQYPVWELTIRVWSELNIGTGTSAYTSLNVLARFTDLELHGLTPLST	203		73.36172670807454	81.50501863354039	0.89543		0.8265881919381787		0.79587			
UPI00097159B1	5mqc_A	5mqc	A	SNSGTEQQNPRGSSLLTDPESITKSDPYNPNISLLISGEVFTNFRNLIKRVNFRKATTLNGKRISDTFDINSLIEAPRLDIAQYVDTETKEAKYGFSYFWSAPTTLNIVAEMYALYRGGVRVKVVTEKGVDFVRATVSPQQTYGSDVAPTTHISTPLAIEQIPIKGVAEFQIPYYAPCLSSSFRANSETFYYSSGRNNLDIATSPPSINRYYAVGAGDDMDFSIFIGTPPCIHASQTAQFTKIKQGKVYDLRYDQYDPFREVQDGTAFLNARSIEDSDLL	280	53.387017703132095	52.88024058102588	58.171602360417616	0.6356		0.5681626258383362		0.64007	0.61844	0.573846769577279	0.5748959829021959
UPI00097159BF	5mqc_B	5mqc	B	MAEQINENYENKQQLVEQTEITTFENDLIVLEDGPQMEESLPFAFHGQHTDNRQHTVVNFLQRPQVIFDSSWASDVPRNKQFMDSIMIPDDIISFPMFAEKLKGFSSLRATAVITVQFQTQPFQAGRVMLGSFPLPTLNPTRVKFATNHVSRLMLLNHVQCDIAKETEVSLRIPFVSPYNSYDLVSKRFPWAKVVGLVYSPLTTTIPVDFIVYGHFEDVELGCPTSGMLAQ	231		74.65953513513514	82.66198378378377	0.7788		0.8814281106725095		0.74167			
UPI000974DA87	4y9v_A	4y9v	A	GSGSTVANNVTNPNVDMTGWLLANSASAILDKSGISQQEVNDLTAHLDTYLKKMNILPSEDISTVLNQVKSDGVKKLHVKSREYIVNSLIEFTDDFEFVNETGTVFNFGDTGGFYASGSHTQITTLASDIVKNQSQSFDVADASQIQKGDWLVIYCTDDFSYSPYRNYYRKGEFVEVASVSGNTVKFFGRAYDNYLTSENIVILKVNPINFKFNYLKTVSTDNNPNVPLVIDYARNFETGYFENKGGKFAGLRLRRCFNFNIAINSAKNNAPANTLNYGIQISNCQNYNYFGGSNNSTRHAVAIGGDGDLGCVPCRNGYVSGAILHSETDTSGADMHGNVERTVYDHCTTNYATFGAGDNEYSNCDIYEREGQGCVLIAEPRGGEFKLTNNTYYTKTPLNSWSLVHGIIEKQLHEDLTVKLDGGCINGVGGASAGIVTIRQSNALNEALTKKVNVHITGGVSCDFDALRHWAWVEDGTIGRYTVPIGYIIVDDVVNTKDTANPYLIYPSQSTLATNVKTRQMLQQGVVSVTSAVNNTATRANVINLKYKYSKAPNVIVSVGNLVGSASWDATFFNEDTNVEPLRTPTPVNSLVAIDQVRPAILWNKKVVTPKTFNLYWESGIREI	625											
UPI0009948E0A	5i8l_A	5i8l	A	MENTLKSLTTVANEVIQGLWGNGQEAYDSLANAGYDPQAVQDKVNEILNAREIADLTTVANEVIQGLWGNGQEAYDSLANAGYDPQAVQDKVNEILNAREIADLTTVANEVIQGLWGNGQEAYDSLANAGYDPQAVQDKVNELLS	145		85.41831665150137	86.93902638762512	0.9665		0.969330552903954		0.92216			
UPI0009AAEB55	5g52_A	5g52	A	GEESRNTTVLDTTTTLQSSGFGRAFFGEAFNDLKTLMRRYQLYGQLLLSVTTDKDIDHCMFTFPCLPQGLALDIGSAGSPHEIFNRCRDGIIPLIASGYRFYRGDLRYKIVFPSNVNSNIWVQHRPDRRLEGWSAAKIVNCDAVSTGQGVYNHGYASHIQITRVNNVIELEVPFYNATCYNYLQAFNASSAASSYAVSLGEISVGFVNKPVTIYYSIGDGMQFSQWVGYQPMMILDQLPAPVV	243	60.86674345549738	61.59538743455497	84.75776963350783	0.14943		0.1974461254074181		0.1303	0.75563	0.1881201673539836	0.561370350772991
UPI000A1C7A30	5tzp_A	5tzp	A	GPLGSMASSNMKDETYYIALNMIQNYIIEYNTNKPRKSFVIDSISYDVLKAACKSVIKTNYNEFDIIISRNIDFNVIVTQVLEDKINWGRIITIIAFCAYYSKKVKQDTSPQYYDGIISEAITDAILSKYRSWFIDQDYWNGIRIYKN	148		78.20931687242798	86.30002469135802	0.92125		0.8887702530712631		0.88577		0.4084913609793975	
UPI000A2BFBAF	5grb_B	5grb	B	SKHRIEPVCLIIRGSPGTGKSLATGIIARAIADKYHSSVYSLPPDPDHFDGYKQQVVTVMDDLCQNPDGKDMSLFCQMVSTVDFIPPMASLAEAGVSFTSKFVIASTNATNIIVPTVSDSDAIRRRFYMDCDIEVTDSYKTDLGRLDAGRAAKLCSENNTANFKRCSPLVCGKAIQLRDRKSKVRYSVDTVVSELIREYSNRSAIGNTIEALFQ	214		83.81528588807785	91.39175790754256	0.97588		0.9516136602390584		0.94205			
UPI000A2BFBBE	5muy_B	5muy	B	GPTAVQELNRICDGMILSSILRPQMVEPSLIGDVLKTEPFTSSLEVLKDIKVSGLMRYIKQVLLGRKSYYKFGEEHADGDQNLFDYQFTGTPEEPIKGYWTTTISYRDSKPKISLTIRQEFVEGGVESQAVLATVVGRPHLQDFLLLKRKHLEYSDYPESIDLIEFGDVKVIEKTVGHGQPVVLYMASLFPIGLTKIAEQGIGCHNEKNDATLKSLLKTAILNMTPDDVSLLPRSKLDAIDHVVRNVYLRFNNSSAVSYGLHKLQSFEKILQLNGRIYETKESTLVFHHKKGVLVEDLKGLMSYKTLRVSEWREKQEPEEARVEVLEE	328	28.71539694656489	26.89666412213741	78.55025190839694	0.3357		0.3466286647427842		0.33728	0.27552		
UPI000A2BFBE1	5x8y_B	5x8y	B	MASMREDYSLECDPAVIGTAVKGKEAVHSDLGYWIESEKNDTWRLKRAHLIEMKTCEWPKSHTLWTDGIEESDLIIPKSLAGPLSHHNTREGYRTQMKGPWHSEELEIRFEECPGTKVHVEETCGTRGPSLRSTTASGRVIEEWCCRECTMPPLSFRAKDGCWYGMEIRPRKEPESNLVRSMVTA	185	30.06542992552471	26.777806364251862	88.59404874746106	0.28212		0.2848056949236449		0.27778	0.26945		
UPI000A2BFBF8	5muz_A	5muz	A	GPHADGDQNLFDYQFTGTPEEPIKGYWTTTISYRDSKPKISLTIRQEFVEGGVESQAVLATVVGRPHLQDFLLLKRKHLEYSDYPESIDLIEFGDVKVIEKTV	103	62.71416164053076	42.52550060313631	89.82664656212305	0.39899	0.39104	0.3646176053840017	0.2934126563730134	0.38363	0.38393		
UPI000A2BFC0C	5mv0_A	5mv0	A	GPMDPDTNLLKNVILEILSIEPDLYKQSSIVDDPYKLAMSAIRLRATIHELNCCRDLGIIHNTKEISLNMVIDRAIPIHPTFQHIVPDGYTIDRANMTIIVLEASTRSMPSDQKRKITSDKLKYSGVEDHLKHEGWLFNIIVISETKPRNGNVPERLLFELLKLSLSILSYSDKSSQWISEEEYDELKRSLTTYDFKTLTSEFSGTK	207	67.24645820805773	55.304058929645215	92.03577871316897	0.65122	0.90807	0.6731149320134763	0.833777098501431	0.65336	0.8821	0.3945017857707288	0.4336983976762976
UPI000A32B224	5mhj_A	5mhj	A	GPRRVELDADATSGAFYARYRDGYVSGEPWPGAGPPPPGRVLYGGLGDSRPGLWGAPEAEEARRRFEASGAPAAVWAPELGDAAQQYALITRLLYTPDAEAMGWLQNPRVVPGDVALDQACFRISGAARNSSSFITGSVARAVPHLGYAMAAGRFGWGLAHAAAAVAMSRRYDRAQKGFLLTSLRRAYAPLLARENAALTG	201	33.97341528239203	32.13382724252492	90.4706046511628	0.30063	0.29767	0.3863898490265398	0.3867051558996063	0.29289	0.29364		
UPI000B4966FB	5utv_A	5utv	A	SHMTAVQDFVVDILLNGARDWDVLQTTCTVDRKVYKTICKRGNTYLCFDDTNLYAITGDVVLKFATVSKARAYLETK	77	69.49518821603928	61.29656301145663	88.83615384615385	0.8385	0.96327	0.8462972456177551	0.92937491250418	0.80519	0.86086	0.7619515216818088	0.7927062460110009
UPI000B4E83A7	5hyb_B	5hyb	B	GVSGSKGQKLFVSVLQRLLSERGLHVKESSAIEFYQFLIKVSPWFPEEGGLNLQDWKRVGREMKRYAAEHGTDSIPKQAAPIWLQLREILT	91		86.11873297002725	90.14028610354224	0.97052		0.9550072150790836		0.93275			
UPI000B90A793	5wmf_F	5wmf	F	GSHMGQGGSNPKFENIAEGLRALLARSHVERTTDEGTWVAGVFVYGGSKTSLYNLRRGTALAIPQCRLTPLSRLPFGMAPGPGPQPGPLRESIVCYFMVFLQTHIFAEVLKDAIKDLVMTKPAPTCNIRVTVCSFDDGVDLPPWFPPMVEGAAA	154	61.96181974248928	55.6775965665236	83.86757939914165	0.70394	0.6965	0.6523661164973774	0.6555141883154245	0.66928	0.6681		
UPI000B9503F8	5ooo_A	5ooo	A	GAMVAKPFQRLIDLIGHMTLSDFTRFPNLKEAISWPLGEPSLAFFDLSSTRVHRNDDIRRDQIATLAMRSCKITNDLEDSFVGLHRMIATEAILRGIDLCLLPGFDLMYEVAHVQCVRLLQAAKEDISNAVVPNSALIVLMEESLMLRSSLPSMMGRNNWIPVIPPIPDV	170	40.159902255639096	31.336390977443603	87.4426992481203	0.29553	0.31691	0.3733543955953202	0.3375478437113501	0.27911	0.30104	0.400371375926097	0.3665082292236666
UPI000BA4E61C	6pxh_A	6pxh	A	YVDVGPDSVKSACIEVDIQQTFFDKTWPRPIDVSKADGIIYPQGRTYSNITITYQGLFPYQGDHGDMYVYSAGHATGTTPQKLFVANYSQDVKQFANGFVVRIGAAANSTGTVIISPSTSATIRKIYPAFMLGSSVGNFSDGKMGRFFNHTLVLLPDGCGTLLRAFYCILEPRSGNHCPAGNSYTSFATYHTPATDCSDGNYNRNASLNSFKEYFNLRNCTFMYTYNITEDEILEWFGITQTAQGVHLFSSRYVDLYGGNMFQFATLPVYDTIKYYSIIPHSIRSIQSDRKAWAAFYVYKLQPLTFLLDFSVDGYIRRAIDCGFNDLSQLHCSYESGLEVLFQ	343	35.24508094186902	21.358543046357617	48.36248712288448	0.223	0.31747	0.2293549090129928	0.2825650662538074	0.22732	0.31693	0.1637244873034818	0.1857475112788601
UPI000BACEC22	5y0w_A	5y0w	A	EDPHLRNRPGKGHNYIDGMTQEDATCKPVTYAGACSSFDVLLEKGKFPLFQSYAHHRTLLEAVHDTIIAKADPPSCDLQSAHGNPCMKEKLVMKTHCPNDYQSAHYLNNDGKMASVKCPPKYELTEDCNFCRQMTGASLKKGSYPLQDLFCQSSEDDGSKLKTKMKGVCEVGVQALKKCDGQLSTAHEVVPFAVFKNSKKVYLDKLDLKTEENLLPDSFVCFEHKGQYKGTIDSGQTKRELKSFDISQCPKIGGHGSKKCTGDAAFCSAYECTAQYANAYCSHANGSGIVQIQVSGVWKKPLCVGYERVVVKRELSHHHHHH	322	30.50519423307969	24.20011213456148	88.97863836603925	0.23495	0.30634	0.2620687650920168	0.3263733072616178	0.24355	0.30154	0.2523235078731348	0.3095760150387549
UPI000BB3E646	5o1q_A	5o1q	A	ETPATRPVTGSWKKNQYGTWYKPENATFVNGNQPIVTRIGSPFLNAPVGGNLPAGATIVYDEVCIQAGHIWIGYNAYNGNRVYCPVRTCQGVPPNQIPGVAWGVFK	106		85.05880981595091	85.54236809815951	0.87051		0.8764854919001629		0.85378		0.8356522381036844	
UPI000BBD499E	5j2z_A	5j2z	A	GPGSMEALVRALEEADHAVATVVQSRILEFFMAAGRETPAGVRGLWARALRLACRAYVETGTCEAAVLAENLAGLALWRLRHDWDEGTAPLLELLGVVNGDDTTAALTEAGLRTSAEFGPDAMFRLVSEWCAAFDEALAGARSADDVLAAPRVVPPEQTARALVQPRFATLYDMDFVQDGLRYVAQHTNWALPLALAVRQMQNEGLKPLTRALFALTIADEFFHDRQNPTLREQFAEAARAVDEAALVPVGEVNATPRTAVEVRVSAALAHGDAYVRELRPGTVARRLRTDQGVLALLDPGAQAVHVAAAADLDHTQVDATGVWEAVAASASPLQVVEALVTAGFTRRHCDLLERAVLDRAPRLTAAQAAVGCTAVVGGVVHRLLDDYGPGLDYVRAYTDVADTLEPLYGDVTAALGLPEKGVEAVVRACMAPRPPTEHVGAARAALLREVAAAERRAGLAHSAAREALNTWLAFRAQSRWGLRADGAGETPMEAPTSAA	500											
UPI000C173B45	6bcm_A	6bcm	A	GSMRHILERPDPTDVFQNKAAVCWAKALVPVLKTAGIDMTTEQWNTVDYFETDKAHSAEIVLNQLCVRFFGLDLDSGLFSAPTVPLSIRNNHWDNSPSPNMYGLNKEVVRQLSRRYPQLPRAVATGRVYDMNTGTLRNYDPRINLVPVNRRLPHALVLHHNEHPQSDFSSFVSKLKGRTVLVVGEKLSVPGKMVDWLSDRPEATFRARLDLGIPGDVPKYDIIFVNVRTPYKYHHYQQCEDHAIKLSMLTKKACLHLNPGGTCVSIGYGYADRASESIIGAIARQFKFSRVCKPKSSLEETEVLFVFIGYDRKARTHNPYKLSSTLTNIYTGSRLHEA	338	52.726237476808905	42.68447124304267	91.92475324675324	0.44257	0.53406	0.5183956252565429	0.612076861604203	0.43914	0.53323		
UPI000C2F81CB	5xbc_B	5xbc	B	ASNQVTLAFANDAEISAFGFCTASEAVSYYSEAAASGFMQCRFVSFDLADTVEGLLPEDYVMVVVGTTKLSAYVDTFGSRPRNICGWLLFSNCNYFLEELELTFGRRGGLEHHHHHHH	118		77.10148429035753	85.24189599133263	0.19815		0.2136660391479353		0.22274			
UPI000CE681DA	5x45_C	5x45	C	GSGPSDMFVHTRDAIYKCAHLTNPTDETILLALTADLQVDSTNVPGPDVIPCCDCTAGCYYSRSKDRYFPVECVSHDWYEIQESGYYPKHIQYNLLIGEGHCEPGDCGGKLLCKHGVIGMITAGGDNHVAFTDLRPYSS	139		81.80461466165414	90.13221804511278	0.96384		0.9315999329854608		0.95579			
UPI000D14BF91	8e6b_B	8e6b	B	MHHHHHHSGLVKMSHPSGDVEACMVQVTCGSMTLNGLWLDNTVWCPRHVMCPADQLSDPNYDALLISMTNHSFSVQKHIGAPANLRVVGHAMQGTLLKLTVDVANPSTPAYTFTTVKPGAAFSVLACYNGRPTGTFTVVMRPNYTIKGSFLCGSCGSVGYTKEGSVINFCYMHQMELANGTHTGSAFDGTMYGAFMDKQVHQVQLTDKYCSVNVVAWLYAAILNGCAWFVKPNRTSVVSFNEWALANQFTEFVGTQSVDMLAVKTGVAIEQLLYAIQQLYTGFQGKQILGSTMLEDEFTPEDVNMQIMGVVMQ	313	65.87313725490196	66.92790571547768	87.0669211514393	0.60659		0.660553277728558		0.59699	0.59357		
UPI000D18B698	5zho_A	5zho	A	MEITGPHTNTVIEWSNLINTNTWLLYQKPLNSVRLLKHGPDTYNSNLAAFELWYGKSGTTITSVYYNTINNQNKTHDANSDCLILFWNEGSTQLEKQVVTFNWNVGGILIKPINSSRMRICMSGMENFNNDSFNWENWNHEFPRSNPGININMYTEYFLASS	162	38.277234848484845	26.85221212121212	87.05606818181818	0.4562		0.2910945491414931		0.42162	0.29187	0.2575757145370023	0.245487119117034
UPI000D503324	6gao_B	6gao	B	GSHMEEIKKQVQVNVDDIRAANIKLDGLGRQIADISNSISTIESRLGEMDNRLVGISSQVTQLSNSVSQNTQSISSLGDRINAVEPRVDSLDTVTSNLTGRTSTLEADVGSLRTELAALTTRVTTEVTRLDGLINSGQNSIGELSTRLSNVETSMVTTAGRGLQKNGNTLNVIVGNGMWFNSSNQLQLDLSGQSKGVGFVGTGMVVKIDTNYFAYNSNGEITLVSQINELPSRVSTLESA	240		86.02131358300727	92.48285075461152	0.6737		0.9583004248712702		0.8221			
UPI000D776072	5w2b_A	5w2b	A	GAMAQSKSMQKLEETYHHLLRTQGPFEAINYYHMMKDEPVIFSTDDGKEYTYPDSLEEAYPPWLTEKERLDKENRYIYINNQQFFWPVMSPRDKFLAILQHHQ	103	55.52559225512529	55.52559225512529	91.94183371298406	0.67268	0.67268	0.7679504220039107	0.7679504220039107	0.6326	0.6326		
UPI000DCF63DB	5fml_B	5fml	B	GAMGSGMAMDTFITRNFQTTIIQKAKNTMAEFSEDPELQPAMLFNICVHLEVCYVISDMNFLDEEGKSYTALEGQGKEQNLRPQYEVIEGMPRTIAWMVQRSLAQEHGIETPKYLADLFDYKTKRFIEVGITKGLADDYFWKKKEKLGNSMELMIFSYNQDYSLSNESSLDEEGKGRVLSRLTELQAELSLKNLWQVLIGEEDVE	205	62.23735115431348	37.5561057108141	88.42001215066828	0.37065	0.72536	0.4646830696842811	0.6689465774379552	0.37536	0.73422		
UPI000E2E41EF	6h8o_B	6h8o	B	ARQVICWCFTLNNPLSPLSLHDSMKYLVYQTEQGEAGNIHFQGYIEMKKRTSLAGMKKLIPGAHFEKRRGTQGEARAYSMKEDTRLEGPWEYGEL	95		89.24056062581488	80.57959582790092	0.94851		0.9379543039613196		0.96761			
UPI000E5A0F54	6dsl_B	6dsl	B	DYKDDDDKMFKLNTKNIKVLTPSGFKSFSGIQKVYKPFYHHIIFDDGSEIKCSDNHSFGKDKIKASTIKVGDYLQGKKVLYNEIVEEGIYLYDLLNVGEDNLYYTNGIVSHACESRGK	118		79.33829831932773	88.36779411764705	0.91223		0.898690663863628		0.90699			
UPI000F044F31	6bi8_B	6bi8	B	NDETKALKELYGPVDPTFLHRFYSLKAAVHGWKMVVCDKVRSLKLSDNNCYLNAVIMTLDLLKDIKFVIPALQHAFMKHKGGDSTDFIALIMAYGNCTFGAPDDASRLLHTVLAKAELCCSARMVWREWCNVCGIKDVVLQGLKACCYVGVQTVEDLRARMTYVCQCGGERHRQLVEHTTPWLLLSGTPNEKLVTTSTAPDFVAFNVFQGIETAVGHYVHARLKGGLILKFDSGTVSKTSDWKCKVTDVLFPGQKYSSD	259		71.00590796635329	95.6880653142009	0.86361		0.8158895917970411		0.84235			
UPI000F45EF44	6hau_B	6hau	B	GPLLKLFDISILPKSGEPKLFLPVPSLPCQEAEKTNDKYVLAMAQRAMHDVPISSKQLTANLLPVKFKPLLSIVRYTPNYYYWVSMRKETIASANLCTVAAFLDESLCWGQQYLKNDFIFSENGKDIILDTSSALLSQLVHKIKMLPFCHCLMQTTPQDHIVKQVCYLIASNNRILDAVRYLQTSVIKSPIVLLLAYAVCLPAAIICTKNETQLYSHCMRILKEYRPGDVMNILHESLTQHLNKCPSSTCAYTTRAIVGTKANTTGLFFLPTQ	273	38.29297536029754	30.364886099488608	89.78584379358438	0.32502	0.35081	0.4005604169001324	0.4018357423445131	0.32081	0.34807		
UPI000F62C101	6cb7_A	6cb7	A	HMDKLRVLYDEFVTISKDNLERETGLSASDVDMDFDLNIFMTLVPVLAAAVCAITPTIEDDKIVTMMKYCSYQSFSFWFLKSGAVVKSVYNKLDYVKKEKFVATFRDMLLNVQTLISLNSMY	122	47.63714867617107	46.099837067209776	87.7497250509165	0.46833	0.42119	0.4631666685105645	0.442619279327035	0.43878	0.38591	0.3793753855594118	0.3677640621544495
UPI000F735179	6dx3_A	6dx3	A	MGEEVNFDWHLLLNGYYYSPVDLEVEDIFEIVNQPMDGNCLYHSLACGMIEEQQPDSYKLIKEQVREAAGLFWDTTEETKTTGEDLNGYLARIMKPNEWGSSLEVNFFSQKAKVTVYIWHEDASKHCDYVVRYGEDPMLESINIMHRRNHYDYLKPRGNQRTAVVKSGSHHHHHH	175		76.46647506925207	85.8418213296399	0.86126		0.8585150004213397		0.84078		0.8591027756834224	
UPI000FF8750B	6c72_B	6c72	B	GSTDPNIDMTKWVKSTDSVQVDSVNALRKVKGLFHNQKATTTSYVAGTGFGGATYLWDANNTATDDGLSVIRVTGAATGAWLLQVHNKVLHATQAGLRAELLESDLIDQTTILQKCVDYMALIGGGVVQLPKGHIYAKAMAKSNVEVRGTFDSFVSVGSEADINNLRTVVQTATYKHGTFWHSSDGSQVYLVPENVTGAGVSNLKMLGSRLGSTSSNCGFGIKIIGDSFTAKWVDTSGFRLEGLYIRGKDGVSCSNHYFENCNFLDARRNTAALVYCHDVTFKNCTFQQLKPELTWVYLFDIEPNPATTDTVYNVTLINCVFNALASAGAEPTVLVKEQNTPTGSPNVKFLNCRFKGKATIRNNCANGWKDCIVDNCEFDTLAFSTTTTGYVITSGRFTNNTLWGKDLKGFSYNTLVTGDFLIEGNRFQDTTFENNIVATQASFGVNTFLGTATVIQPVDRRTITQQYRNLPDISGVKSPINDAYFNTEIRNFNLDLNFKEVLTVPLRSGCKITITGADATTNAGSKAYVELFVNSDNSTTITAHNEVINDPLYGVKYSWSGRTLSLAGITLSANTFIVKVDVFSALPQYSKVTWLI	597											
UPI000FF87518	6nir_D	6nir	D	GSAPPSIWSRIVNFGSGWGFWVSPSLFITSTHVIPQGAKEFFGVPIKQIQVHKSGEFCRLRFPKPIRTDVTGMILEEGAPEGTVVTLLIKRSTGELMPLAARMGTHATMKIQGRTVGGQMGMLLTGSNAKSMDLGTTPGDCGCPYIYKRGNDYVVIGVHTAAARGGNTVICATQGSEGEATLE	183		79.148375	87.67058823529412	0.93113		0.8948909763359544		0.90417			
UPI00100D9BC4	6qfy_B	6qfy	B	VIGDLKCNTSSINDVDTGVPSISSEVVDVTNGLGTFYVLDRVYLNTTLLLNGYYPISGATFRNMALKGTRLLSTLWFKSPFLSPFNDGIFAKVKNSRFSKDGVIYSEFPAITIGSTFVNSSHSIVVKPHTSFINGNLQGLLQISVCQYTMCEYPHTICHPNLGNQRIELWHYDTDVVSCLYKRNFTYDVNADYLYFHFYQEGGTFYAYFTDTGFVTKFLFKLYLGTVLSHYYVMPLTCDSALSLEYWVTPLTTRQFLLAFDQDGVLYHAVDCASDFMSEIMCKTSSDP	288	40.89447540269918	28.79180670439704	78.2773269481933	0.41537	0.51082	0.3262594885944447	0.3275023623589565	0.41381	0.51239		
UPI00101E865E	6mpo_A	6mpo	A	GAFGGTLTVKTQPTVTYNAVKDSYQFTVTLTGATASVTGFLKAGDQVKFTNTYWLQQQTKQALYNGATPISFTATVTADANSDSGGDVTVTLSGVPIYDTTNPQYNSVSRQVEAGDAVSVVGTALEHHHHHH	132	71.82706896551724	53.54560851926978	83.41939148073021	0.66159	0.89075	0.6472709843731742	0.8569080598504624	0.6577	0.58868		
UPI00102D67C9	6h3w_A	6h3w	A	GGGDFTTCLETESINWNCTGPFLNLGNCQKQQKKEPYTNIATQLKGLKAISVLDVPIITGIPDDIAGALRYIEEKEDFHVQLTIEYAMLSKYCDYYTQFSDNSGYSQTTWRVYLRSHDFEACILYPNQHFCRCVKNGEKCSSSNWDFANEMKDYYSGKQTKFDKDLNLALTALHHAFRGTSSAYIATMLSKKSNDDLIAYTNKIKTKFPGNALLKAIIDYIAYMKSLPGMANFKYDEFWDELLYKPNPAK	250	41.18903386454184	29.430941235059763	91.03787848605576	0.32678	0.34626	0.3266236821210232	0.391102103614971	0.31982	0.35015		
UPI00102D67CE	6h3x_A	6h3x	A	DEDCLSKDIKITYQELHNCIGPKIMGNTCVSKNELYSDLFSKNLVTEYDKKYFEPDTVNDQFNKIEFAQDAHRMILLERILYKTECEMLSLKKNSGPYNVAWRTYLKNHNIDLCSRHNYKMICQCINTHSMCKNTDIDYNKEIETYYKSNAAAYRADLNTIMDTLKTAFRGLTKVLIENYIEKDDSDALKALFSNITDSVQDNYQMIGILKFASKLLDINLGGWSHPQFEK	231	44.35566047745359	35.4479151193634	91.8852148541114	0.26538	0.23809	0.3592671518235126	0.336683610390856	0.26572	0.28467		
UPI00102D67E1	6h3s_A	6h3s	A	EWSHPQFEKGGQETSINCKNIQSTQLTIEHLSKCMAFYQNKTSSPVVINEIISDASVDEQELIKSLNLNCNVIDRFISESSVIETQVYYEYIKSQLCPLQVHDIFTINSASNIQWKALARSFTLGVCNTNPHKHICRCLESMQMCTSTKTDHAREMSIYYDGHPDRFEHDMKIILNIMRYIVPGLGRVLLDQIKQTKDYQALRHIQGKLSPKSQSNLQLKGFLEFVDFILGANVTIEKTPQTLTTLSLIKGAHRNLDQKDPGPTPILVCKSPQKVVCYSPRGVTHPGDYISCKSKMYKWPSLGVYKHNRDQQQACSSDTHCLEMFEPAERTITTKICKVSDMTYSESPYSTGIPSCNVKRFGSCNVRGHQWQIAECSNGLFYYVSAKAHSKTNDITLYCLSANCLDLRYAFRSSSCSDIVW	421											
UPI00102D6813	6h3u_A	6h3u	A	QETSINCKNIQSTQLTIEHLSKCMAFYQNKTSSPVVINEIISDASVDEQELIKSLNLNCNVIDRFISESSVIETQVYYEYIKSQLCPLQVHDIFTINSASNIQWKALARSFTLGVCNTNPHKHICRCLESMQMCTSTKTDHAREMSIYYDGHPDRFEHDMKIILNIMRYIVPGLGRVLLDQIKQTKDYQALRHIQGKLSPKSQSNLQLKGFLEFVDFILGANVTIEKTPQTLTTLSLIGGWSHPQFEK	248	44.92224068479356	33.06107250755287	88.34372104733133	0.3356	0.41946	0.3801648690309396	0.4677140190164904	0.34256	0.4148		
UPI00107069FD	6n4v_HC	6n4v	HC	SKTIVLSVGEATRTLTEIQSTADRQIFEEKVGPLVGRLRLTASLRQNGAKTAYRVNLKLDQADVVDCSTSVCGELPKVRYTQVWSHDVTIVANSTEASRKSLYDLTKSLVATSQVEDLVVNLVPLGRAYGGSKTIVLSVGEATRTLTEIQSTADRQIFEEKVGPLVGRLRLTASLRQNGAKTAYRVNLKLDQADVVDCSTSVCGELPKVRYTQVWSHDVTIVANSTEASRKSLYDLTKSLVATSQVEDLVVNLVPLGR	258	51.88872782564622	29.60565636087177	86.5928332488596	0.36185	0.74902	0.3617485894625105	0.5620828079805018				
UPI001111868C	6qyy_C	6qyy	C	MMVSFTARAKSNVMAYRLLAYSQGDDIIEISHAAENTIPDYVAVKDVDKGDLTQVNMYPLAAWQVIAGSDIKVGDNLTTGKDGTAVPTDDPSTVFGYAVEEAQEGQLVTLVISRSKLEH	119		84.8477025527192	90.36849056603774	0.9653		0.9648893218484962		0.9324			
UPI001156C73E	3kpe_A	3kpe	A	HLEGEVNKIKSALLSTNKAVVSLSNGVSVLTSKVLDLKNYIDKQLLPIVNK	51		88.86907216494846	97.20626288659794	0.96115		0.9740214203581076		0.91661			
UPI001156C778	6pyq_A	6pyq	A	QARSDIEKLKEAIRDTNKAVQSVQSSIGNLIVAIKSVQDYVNKEIVPSIAR	51		88.35784263959393	97.53619289340102	0.89435		0.9757253867133896		0.91989			
UPI0011EA5FDB	6mwm_A	6mwm	A	SHMQTPETAFINNVTSNGGYHSWHLVSGDLIVKDVCYKKLLHWSGQTICYADNKFYVVKNDVALPFSDLEACRAYLTSRAA	81	69.25564742589704	47.35021840873635	87.15976599063963	0.52297	0.69161	0.5279328460956183	0.7599522319280176	0.4837	0.58404		
UPI0012318402	6qvv_A	6qvv	A	GMERILKKQPAPVRALTIHPLRRYESSIYDTPIPAYVIKHSSDGVTIDIATSELADGQSGSTIQPFESVPAQNLTLFKHDFTFGHLADTTDKKFVEVFGVLENRADDSDFQSPDMIIETETGHVYVVEFTTTMGDANSADLAARNKIAKYEIACLDRSAIKPISLYIIAVHFNGVVSNLDLSDEEVNEIVFRFRLARDIFEELREINPALFD	212	39.87215780035864	33.93098027495517	92.3661147638972	0.4612	0.42027	0.389609566690664	0.4020300997159849	0.45958	0.41654	0.3500976002715359	0.3276991083582534
UPI001292CD0D	7nfq_B	7nfq	B	HHHHHHGENLYFQGGGEVRNDDVDQSLIIAARNIVRRATVSTDPLASLLEMCHSTQIGGIRMVDILRQNPTEEQAVDICKAAMGLRISSSFSFGGFTFKRTSGSSVKKEEEVLTGNLQTLKIRVHEGYEEFTMVGRRATAILRKATRRLIQLIVSGRDEQSIAEAIIVAMVFSQEDCMIKAVRGDLNFVNRANQRLNPMHQLLRHFQKDAKVLFQNWGIEPIDNVMGMIGILPDMTPSTEMSLRGVRVSKMGVDEYSSTERVVVSIDRFLRVRDQRGNVLLSPEEVSETQGTERLTITYSSSMM	304	36.96686036789298	35.368687290969895	84.65458612040135	0.25985		0.299497792552147		0.26307	0.27198		
UPI00132CD9E3	3kas_B	3kas	B	SNELPSLCMLNNSFYYMRGGVNTFLIRVSDISVLMKEYDVSIYEPEDLGNCLNKSDSSWAIHWFSNALGHDWLMDPPMLCRNKTKKEGSNIQFNISKADDARVYGKKIRNGMRHLFRGFHDPCEEGKVCYLTINQCGDPSSFDYCGVNHLSKCQFDHVNTGSHHHHHH	168	31.307287509238726	27.28680709534368	85.74022172949002	0.33567	0.3212	0.3310506957102476	0.2843816008500978	0.33317	0.24939		
UPI00142F3CB1	6xya_B	6xya	B	GPAQSGTLGGFSKPQKTFVRPGGGVGYKGKGVWTGVMEDTHVQILIDGDGTSNWLEEIRLSSDARLYDVIESIRRLCDDLGINNRVASAYRGHCMVRLSGFKIKPASRTDGCPVRIME	118	42.79341870824054	34.2465144766147	88.33597995545657	0.4966	0.31155	0.4331065663691677	0.3277769378173523	0.49787	0.29262		
UPI00144A4C99	6wh3_A	6wh3	A	MSDEVSSSTDVVSRKRRRHDEGGKALEDIAVHGASEGDGSAPGGSVWQTTDYIALSMVVYRTAIKLRNFVNIRGLTPTEMIVIPWNVMRFYCEYNTGTYGLSGNVHHKNYSMLLACKAHRPTKVGYTLSNLILTSDELVSTGGTLGTTTTFNTSPYMIHSIDDQQCLSKVYPKTDTVWPVSSMRELDYVASTVSGDNAIIPSTIFNKNRYWKQGDDALHFSHDLDLGFWFGSDYGNAYVPQNNDSMNAVGTIPTSKHINVRGVNNRGMAGHYLSFPPIRTNDGQFKLNAQFTLETEIEFEFRLWEQGVQGINSVHTNLNPANDSLWIQSYGSLVSITESKINNIQFGPTCPRVDARNKGGKMSMLFDHH	369	43.06895537876167	40.8488689034936	49.42955724662747	0.56983		0.5592609820607028		0.54013	0.52356	0.461746351611752	0.4242138447329471
UPI00148AE299	6xa9_A	6xa9	A	MREVRTIKVFTTVDNINLHTQVVDMSMTYGQQFGPTYLDGADVTKIKPHNSHEGKTFYVLPNDDTLRVEAFEYYHTTDPSFLGRYMSALNHTKKWKYPQVNGLTSIKWADNNCYLATALLTLQQIELKFNPPALQDAYYRARAGEAANFCALILAYCNKTVGELGDVRETMSYLFQHANLDSCKRVLNVVCKTCGQQQTTLKGVEAVMYMGTLSYEQFKKGVQIPCTCGKQATKYLVQQESPFVMMSAPPAQYELKHGTFTCASEYTGNYQCGHYKHITSKETLYCIDGALLTKSSEYKGPITDVFYKENSYTTTIKPLEHHHHHH	326	62.30301459293396	62.30301459293396	86.84910138248848	0.72938	0.72938	0.677648353384342	0.677648353384342	0.74196	0.74196	0.3485979810288357	0.3485979810288357
UPI001551637C	6tqp_A	6tqp	A	GPLGSMENSCNFNNSIKNVIVFYINEKALIEEKKMLSCYENKLLNLIKEDCENIMLKYKPNLSYICSLLKVDDTSEENIKHIKDQIIESLENDNRPSVKLAIISLISMIVEMNGYKGKNIPMSFLIEDIALKISENSEDLINFINIKNKQKS	152		77.59798353909466	84.67108641975308	0.93759		0.9259433843399943		0.87602		0.4244253366347712	
UPI0015E26F99	7c9w_C	7c9w	C	GLPTMNTPGSTQFLTSDDFQSPSAMPQFDVTPEIQIPGQVRNLMEIAEVDSVVPVNNTEGHVNSMEAYRIPVRPQTSSGEQVFGFQLQPGHDSVLKHTLLGEILNYYANWSGSMKLTFMYCGAAMATGKFLIAYSPPGAGVPGSRRDAMLGTHVIWDVGLQSSCVLCVPWISQTNYRYVTSDAYTDAGYITCWYQTSIVTPPDIPTTSTILCFVSACNDFSVRLLRDTPFITQQALFQ	238		72.66778201634878	85.89537874659402	0.83873		0.846146120721019		0.8297			
UPI001652B718	6yfr_AA	6yfr	AA	ASLPVTQYSPPVTPLGKSTWNVTGSTNPPGLVPQVVQTESINARKSNIMSKISVYYYIPSTNSVSCCTEWDTIRCEFSLTLLQLSSNTDVAARTVDVLDTMISFLAKRRNSILAGNLLLPDNP	123	40.1900106609808	36.60279317697228	81.95679104477612	0.36077		0.4304723279064266					
UPI001652B71D	6yfs_AG	6yfs	AG	AQHNMRLQLTSGTSLTWVDPNDFRSTFRINLNVNQKVAGAVSVYNARSEVITNRAPLVVIEGCTDACSVNRENISIRTTISGSVENKAAVLAALLDHLHNLGLARDDLVAGLLPTTIQPVVEYTGS	126	37.81077731092437	31.30305672268908	87.93936974789916	0.34707	0.31507	0.3987888840987357	0.3959827551930424				
UPI001652B792	6yfo_AA	6yfo	AA	SIIGSSIKTGATSASITGGSDITFALTGQTVTNGLNVSVSEDTDYRTRRNATFKSRVPTVVNGNYSKGKNEVVFVIPMSLDSGETVFNSVRIALEIHPALASASVKDLRLIGAQLLTDADYDSFWTLGALA	131	44.4905561277034	29.84141091658085	93.21280123583936	0.26071	0.26638	0.3694714757663099	0.3142836374663882				
UPI0018A7E306	6th1_R	6th1	R	GPLGSEQQPGDRCPRHVARIIAENDPPIRCDLTLQELLSEVQVDFEPSASEVVAMEGLMDEQHFIPHDPHSKKAAVQSLVIAIKTADLLLQMIHENVKRDIRTTCIQMANESYARADIVRDSLIAASQGKYTALGKIVFHSYTNFMPVNANESEKRAWMEMLGECTSHGNKLCEMANAQVEQETRDIINIMFKNIDDVVTQTTRAMRGVFDPPDTVKALSAAAQLIRVWEHDNVINDQSVSTSSVVTAALEANENLAKALRDVSGYAEVQFNRLCLSILTSAKERIDIIYHSARSQHLACNVRMNVAQQNLATFILTNARERPNDAVIRTRRAVANTGILLFTGQHITRDALDKAAESKSVEEIVGMS	368	58.67794045534151	40.73743957968476	86.2380700525394	0.52942		0.526516228835727		0.52391	0.66612		
UPI0018C8D4D4	6xb8_A	6xb8	A	MPGFYEIVIKVPSDLDEHLPGISDSFVNWVAEKEWELPPDSDMDLNLIEQAPLTVAEKLQRDFLTEWRRVSKAPEALFFVQFEKGESYFHMHVLVETTGVKSMVLGRFLSQIREKLIQRIYRGIEPTLPNWFAVTKTRNGAGGGNKVVDESYIPNYLLPKTQPELQWAWTNMEQYLSACLNLTERKRLVAQHLTHVSQTQEQNKEN	206	62.34099703264094	31.84776261127596	91.79583382789316	0.23225		0.3049229286910663		0.23925	0.69513	0.2986561058129333	0.646864224124371
UPI001A9A2C2E	6yxj_A	6yxj	A	GSHMKIKACIDEVTTTLEETKFLTNKLLLFADINGKLYHDSQNMLRGEDMSFLEKDAPYMVGDVITSGDITCVVIPSKKAGGTTEMLSRALKKVPVDEYITTYPGQGCAGYTLEEAKTALKKCKSAFYVLPSEAPNAKEEIL	142		70.734369825207	86.28781968721252	0.82515		0.8116985980200003		0.79089			
UPI001B7F7958	7lv9_F	7lv9	F	LADHVSVGETQIPKASTQHLLRKAGSLSAAGDTEVPIRGFVHMKLHKLVQKSLLAMQLAKRKTIMKSDVKKAAELMHLPVFAIPTKDSGAKGSVFLS	97	69.80205198358414	69.80205198358414	76.84015047879616	0.75137	0.75137	0.7947803125689575	0.7947803125689575	0.77305	0.77305		
UPI001B7F797F	7lv9_E	7lv9	E	CRQKGAGSAGTGSETNSQEVRSQMRSTCLIIPKERFRTMAKEISKKEGHDVHIAEAALDMLQVIVESCTVRLLEKALVITYSGKRTRVTSKDIETAFMLEHGPLLE	106		70.11411260709914	86.46094247246022	0.66802		0.8514975617056525		0.66712			
UPI001B7F79A1	7mc6_A	7mc6	A	GPAENVTGLFKDCSKVITGLHPTQAPTHLSVDTKFKTEGLCVDIPGIPKDMTYRRLISMMGFKMNYQVNGYPNMFITREEAIRHVRAWIGFDVEGCHATREAVGTNLPLQLGFSTGVNLVAVPTGYVDTPNNTDFSRVSAKPPPGDQFKHLIPLMYKGLPWNVVRIKIVQMLSDTLKNLSDRVVFVLWAHGFQLTSMKYFVKIGPERTCCLCDRRATCFSTASDTYACWHHSIGFDYVYNPFMIDVQQWGFTGNLQSNHDLYCQVHGNAHVASCDAIMTRCLAVHECFVKR	291	55.24158972125436	53.40544425087108	86.31354094076656	0.58529		0.5816928598357609		0.57339	0.56905	0.310009044324133	0.3085646251005602
UPI001BB46FE5	6zyc_A	6zyc	A	GNGKYFSKVGSAGLKQLTNKLDINECATVDELVDEINKSGTVKRKIKNQSAFDLSRECLGYPEADFITLVNNMRFKIENCKVVNFNIENTNCLNNPSIETIYRNFNQFVSIFNVVTDVKKRLFENASGNGSGGGLNDIFEAQKIEWHE	148	58.15804273504274	58.15804273504274	80.6493247863248	0.71078	0.71078	0.6816980686033796	0.6816980686033796	0.62041	0.62041	0.5330275648069861	0.5330275648069861
UPI001C0A675B	7exm_D	7exm	D	SMAYTRYVDNNFCGPDGYPLECIKDLLARAGKASCTLSEQLDFIDTKRGVYCCREHEHEIAWYTERSEKSYELQTPFEIKLAKKFDTFNGECPNFVFPLNSIIKTIQPRVEKKKLDGFMGRIRSVYPVASPNECNQMCLSTLMKCDHCGETSWQTGDFVKATCEFCGTENLTKEGATTCGYLPQNAVVKIYCPACHNSEVGPEHSLAEYHNESGLKTILRKGGRTIAFGGCVFSYVGCHNKCAYWVPRASANIGCNHTGVVGEGSEGLNDNLLEILQK	278	31.45091916859122	28.31323325635104	53.29242032332564	0.24299	0.28228	0.3557176101781844	0.3300991631239103	0.2651	0.29414		
UPI001C31EB05	7mc9_O	7mc9	O	GSHMDSHYGFDKAGEFHMLDHTGFAFPSEVVNGRRVLKTTDNNCWVNVTCLQLQFARFRFKSAGLQAMWESYCTGDVAMFVHWLYWLTGVDKGQPSDSENALNMLSKYIVPAGSVTIERVTHDGCCCSKRVVTAPVVNASVLKLGVEDGLCPHGLNYIDKVVVVKGTTIVVNVGKPVVAPSHLFLKGVSYTTFLDNGNGVAGHYTVFDHDTGMVHDGDVFVPGDLNVSPVTNVVVSE	237		71.22940397350993	95.73519867549668	0.87805		0.8145181815147077		0.87527			
UPI001C4DD93C	7mia_B	7mia	B	GPLGSPEPDTARLDADPSASGPVMEFRELQKGAYIEPTGAFLTRARNSVSSSIPYPARAACLLVAVSQATGLPTRTLWAALCANLPDSVLDDGSLATLGLTTDHFAVLARIFSLRCRFVSEHGDVELGLHDATSRFTIRHTPGHFELVADNFSL	154	60.057361591695496	59.54365051903113	86.82581314878891	0.74909		0.6808711725473082		0.68771	0.65894		
UPI001C4DD980	6zx9_C	6zx9	C	NIFEMLRIDHGLRLKIYKDTEGYYTIGIGHLLTKSPSLNAAKSELDKAIGRNTNGVITKDEAEKLFNQDVDAAVRGILRNAKLKPVYDSLDAVRRAALINMVFQMGETGVAGFTNSLRMLQQKRWDEAAVNLAKSRWYNQTPNRAKRVITTFRTGTWDAYKNLAAAMERVPPSHRPPWHSRVVPTTMQQAQQAMWDLNEEAEKHFSREELRGIWNDVTELPADPNWTVDQAAIACAIDYIRRTQTLLFRHYREGCYHR	258	73.36769267592149	65.11353279080899	90.47865964576351	0.65473	0.6903	0.8088350769101552	0.913025289515992	0.63159	0.60675		
UPI001C717BCF	7rqg_A	7rqg	A	AGDIEVTGDSCNNYMLTYNKVENMTPRDLGACIDCSARHINAQVAKSHNIALIWNVKDFMSLSEQLRKQIRSAAKKNNLPFKLTCATTRQVVNVVTTKIALKGG	104	55.42734668335419	50.13060075093867	88.99662077596994	0.52755	0.40705	0.4821191375199098	0.4058773812811677	0.51821	0.39854		
UPI001C717BDE	7ouh_B	7ouh	B	GPEFQLSPAKLHSFTHCGQAALTLHGATTTEALNILHSCHACRKNNPQHQMPRGHIRRGLLPNHIWQGDITHFKYKNTLYRLHVWVDTFSGSVSATHKKRETSSEAISSLLHAIAHLGRPSHINTDNGPAYASQEFQHACTSLAIRHTTHIPYNPTSSGLVERTNGILKTLLYKYFSDNPNLPMDNALSVALWTINHLNVLTHCQKTRWQLHHSPRLPPIPEEKPVTTSKTHWYYFKIPGLNSRQWKGPQRALQEAAGAALIPVSDTAAQWIPWKLLKRAVCPRLAGDTADPKERDHQHHG	301		82.21256367432152	82.58420876826722	0.54548		0.8930876958173274		0.60932			
UPI001CC3327A	7m1w_A	7m1w	A	MGRIFSRSASPIPRPPRGLAAHHWLNFLQAAYRLEPGPSSYDFHQLKKFLKIALETPVWICPINYSLLASLLPKGYPGRVNEILHILIQTQAQIPSRPAHHHHHH	105	47.49443661971832	41.34667840375586	51.17929577464788	0.51118		0.5215601656721157		0.37154	0.36162	0.4275766746574766	0.4851361485625923
UPI001CC332AE	6ln0_A	6ln0	A	LPPEAIKQPSPTKVELVVGELASIKFDNSVLVNPANAQLTNGGGAARAIAKLAGPKYQEYCNSVAPISGPLTTDSFDAKKLGVACILHVVPPKGSDPNVQELLYQAYKSILTEPAHYVIPILGAGIFGCNPVHSLDAFRKACPSDIGRVTLVTMNKNHLQVWDALNRTIVRTTTDYDQVTTKALTPQGVLEANLFDGEDFVQEPKPGQIYLEVTEEVQNQAKELDLNLQQYCVYLKTCHHKWVVSRTNGLMHLKQKDNNCFVSAGVNLFQNTAYQFRPAIDALYREYLNGNPNRFVAWIYASTNRRVGEMGCPQQVISLLVSNSDAAFSATTACCNTYFNHTGVISVAREYDPIQPKVYCMKCDVWTPFTPQSGKGAVAIGTSADEPTGPAIKFAAAHCWYTNGKKTVNGYDTKANVVATYHRFDVPKPQLVEDVVALPTKNDFEHHHHHH	451											
UPI001D198A54	7e40_D	7e40	D	SMKFGKSLSSQIVETLPEWRDKFLSYKDLKKRLKLIGGGGGGEERQAKRARVAADGGEEEAAAAAMTPEEAGFMRLLEAELDKFNSFFVEKEEEYIIRQKELQDRVARAAGRESKEELMRVRKEIVDFHGEMVLLENYSALNYTGLVKILKKYDKRTGALIRLPFIQKVLQQPFFTTDLLYKLVKQCEAMLDQLLPSNEIFEMLRIDEGLRLKIYKDTEGYYTIGIGHLLTKSPSLNAAKSELDKAIGRNTNGVITKDEAEKLFNQDVDAAVRGILRNAKLKPVYDSLDAVRRAALINMVFQMGETGVAGFTNSLRMLQQKRWDEAAVNLAKSRWYNQTPNRAKRVITTFRTGTWDAY	358		77.32110878661088	88.78825313807532	0.64726		0.9384388673477212		0.49506			
UPI001D1A5BD2	1ksy_C	1ksy	C	GSRATVFKLGLFKSLFLCSFHDITRLFKNDKTTNQQWVLAVFGLAEVFFEASFELLKKQCSFLQMQKRSHEGGTCAVYLICFNTAKSRETVRNLMANMLNVREECLMLQPPKIRGLSAALFWFKSSLSPATLKHGALPEWIRAQTTLNAAAA	152		86.32900332225913	93.03873754152823	0.96435		0.9546714281738274		0.92893			
UPI001E1E23FA	7nbv_A	7nbv	A	GPLGSNPASLYRIDLFITFTDELITFDYKVHGRPVLTFRIPGFGLTPAGRMLVCMGEKPAHSPFTSSKSLYHVIFTSTCNSFSFTIYKGRYRSWKKPIHDELVDRGYTTFREFFKAVRGYHADYYKQRLIHDVEMNPG	138	40.16723404255319	34.393581560283685	83.17879432624113	0.4139	0.35633	0.4044134437262566	0.4084672929195576	0.41603	0.36421	0.2300407090239893	0.235506206966698
UPI001E281CBA	7w83_A	7w83	A	MGSSHHHHHHSSGLVPRGSHMVSTPIATFVSGSPSLNTYNATTVNSSANAFSCAYYLQQWNIQGLLVTSLYLKLDSATMGNRPGDLNSANAKWFTFWVSAYLQQCNPSGIQAGTVSPSTATLTDFEPMANRSVTSPWTYSANGYYEPSIGEFQVFSPVVTGAWNPGNIGIRVLPVPVSASGERYTLLCYSLQCTNASIFNPNNSGTMIVGPVLYSCPAASLP	222	39.5750956937799	27.4414533492823	89.76068779904305	0.31621	0.37936	0.3437128449947043	0.3304722676414086	0.31786	0.35308	0.2853499130443426	0.27683876708153
UPI001E281CC1	7m3t_G	7m3t	G	MGRGKVKPNRKSTGDNSNVVTMIRAGSYPKVNPTPTWVRAIPFEVSVQSGIAFKVPVGSLFSANFRTDSFTSVTVMSVRAWTQLTPPVNEYSFVRLKPLFKTGDSTEEFEGRASNINTRASVGYRIPSNLRQNTVAADNVCEVRSNCRQVALVISCCFN	159	35.261653094462545	31.65412866449512	73.67443811074918	0.52473		0.4627633267435619		0.51179	0.27508		
UPI001E698442	7thh_F	7thh	F	SNATPEEHFIETISLAGSYKDWSYSGQSTQLGIEFLKRGDKSVYYTSNPTTFHLDGEVITFDNLKTLLSLREVRTIKVFTTVDNINLHTQVVDMSMTYGQQFGPTYLDGADVTKIKPHNSHEGKTFYVLPN	131	51.95981818181818	33.10974162679425	89.92437320574163	0.27418	0.24212	0.3825535916227869	0.4101604612152413	0.27382	0.23805		
UPI001EFF5DC4	7lw0_A	7lw0	A	MEVNKKQLADIFGASIRTIQNWQEQGMPVLRGGGKGNEVLYDSAAVIKWYAERDAC	56		82.61641552511415	78.08358447488584	0.89373		0.9056509086918016		0.90038		0.9444873018600118	
UPI001F0CDE09	7thx_1	7thx	1	GETGQLIKDTIKNTVENTVESTHSISTEATPALQAAETGATSNASDESMIETRNVVNTHGVAETSLEGFYGRAGLVAMFTTEGGIRSWYINFGKYVQLRAKLELLTYARFDVEFTIVAQVVDEQAKVKDFNVDYQVMYVPPGASAPDGQDSFQWQSSCNPSVISNTGLPPARVSVPFMSSANAYSFSYDGYIQFGDTSSSSYGILPIHYLGQLVVRTCEDLDSARLRVRIYAKPKHMRGWIPRSPRMRPYVSRFTGIYTDAPSFCVNRESITTAG	275	62.57174484052534	61.29965759849906	81.69638367729831	0.70967	0.7019	0.717586402502201	0.7258295950876982	0.67618	0.66731		
UPI001FE2432C	7t5h_A	7t5h	A	GHMWSATNEEDDLSVEAEIAHQIAESFSKKYKFPSRSSGIFLYNFEQLKMNLDDIVKEAKNVPGVTRLAHDGSKLPLRCVLGWVALANSKKFQLLVEANKLNKIMQDDLNRYASS	115	60.29788840262582	38.160514223194745	86.79989059080964	0.33907	0.33025	0.4355802920393421	0.3568245375837835	0.32595	0.29675		
UPI002016A710	7kyl_Z	7kyl	Z	SNTYSMCDKTKFKWKRVPVDSGHDTVVMEVSYTGSDKPCRIPVRAVAHGVPTINVAMLITPNPTIETSGGGFIEMQLPPGDNIIYVGDLSQQWFQKGSTIGR	102	58.23425831202047	32.92126598465473	90.21459079283888	0.34678	0.28862	0.2630121597563352	0.2886780621299973	0.34943	0.29159		
UPI00209BBA60	7t7i_A	7t7i	A	GPLGSMASPEERLLDELNNVIVSFLCDSGSLEVERCSGAHVFSRGSSQPLCTVKLRHGQIYHLEFVYKFLAFKLKNCNYPSSPVFVISNNGLATTLRCFLHEPSGLRSGQSGPCLGLSTDVDLPKNSIIMLGQDDFIKFKSPLVFPAELDLLKSMVVCRAYITEHRTTMQFLVFQAANAQKASRVMDMISDMSQQLSRSG	200	43.306250000000006	30.17073186528497	84.40343911917098	0.3139	0.35907	0.3996491347145328	0.4023621508732776	0.29992	0.3401	0.2587321599566294	0.2675666521999794
UPI00211DA426	7fac_A	7fac	A	GSKTEGFMGRIRSVYPVASPQECNNMHLSTLMKCNHCDEVSWQTCDFLKATCEHCGTENLVIEGPTTCGYLPTNAVVKMPCPACQDPEIGPEHSVADYHNHSNIETRLRKGGRTRCFGGCVFAYVGCYNKRAYWVPRASADIGSGHTGITGDNVETLNEDLLEILSRERVNINIVGDFHLNEEVAIILASFSASTSAFIDTIKSLDYKSFKTIVESCGNYKVTKGKPVKGAWNIGQQRSVLTPLCGFPSQAAGVIRSIFARTLDAANHSIPDLQRAAVTILDGISEQSLRLVDAMVYTSDLLTNSVIIMAYVTGGLVQQTSQWLSNLLGTTVEKLRPIFEWIEAKLSAGVEFLKDAWEILKFLITGVFDIVKGQIQVASDNIKDCVKCFIDVVNKALEMCIDQVTIAGAKLRSLNLGEVFIAQSKGLYRQCIRGKEQLQLLMPLKAPKEVTFLEGDSHDTVLTSEEVVLKNGELEALETPVDSFTNGAIVGTPVCVNGLMLLEIKDKEQYCALSPGLLATNNVFRLKGG	529											
UPI0021CDE834	7uju_B	7uju	B	SGFRKMAFPSGKVEGCMVQVTCGTTTLNGLWLDDVVYCPRHVICTSEDMLNPNYEDLLIRKSNHNFLVQAGNVQLRVIGHSMQNCVLKLKVDTANPKTPKYKFVRIQPGQTFSVLACYNGSPSGVYQCAMRPNFTIKGSFLNGSCGSVGFNIDYDCVSFCYMHHMELPTGVHAGTDLEGNFYGPFVDRQTAQAAGTDTTLEHHHHHH	207		71.99682440846824	89.99130759651307	0.88952		0.8575858221336593		0.86562			
UPI002240E442	7u23_D	7u23	D	ITAEILCSAHLVAALQRVCGNRGVYRPPPTRRRSTRNGTTGIATKCCTTTGCTTDDLEKYCN	62	72.19661637931034	67.33150862068966	71.7373922413793	0.75802	0.74887	0.8085927054280792	0.7937581545858773	0.67149	0.64773		
UPI002249A336	7xc3_A	7xc3	A	FQHMGTVSWNLREMLAHAEETRKLMPVCVETKAIVSTIQRKYKGIKIQEGVVDYGARFYFYTSKTTVASLINTLNDLNETLVTMPLGYVTHGLNLEEAARYMRSLKVPATVSVSSPDAVTAYNGYLTSS	129	60.89450495049505	36.73554455445544	92.22031683168318	0.41014	0.35038	0.3814545204892522	0.3276335996333011	0.41775	0.35142		
UPI002249A33C	8a55_A	8a55	A	MEKTHVQLSLPVLQVRDVLVRGFGDSVEEVLSEARQHLKDGTCGLVEVEKGVLPQLEQPYVFIKRSDARTAPHGHVMVELVAELEGIQYGRSGETLGVLVPHVGEIPVAYRKVLLRKN	118	43.609434782608695	32.599739130434784	85.08218478260869	0.27511		0.3527799963693602		0.29808	0.31438	0.2500782695366066	0.275978406731311
UPI0022AB4E73	8hda_B	8hda	B	GSHMYKSVNITFELDERIDKVLNEKCSAYTVELGTEVNEFACVVADAVIKTLQPVSELLTPLGIDLDEWSMATYYLFDESGEFKLASHMYCSFYPPDE	98	62.61652118100128	45.69702182284981	88.75436456996148	0.47669	0.43342	0.4287921604351927	0.4036036758284604	0.4833	0.43869		
UPI002348EE55	7n0i_H	7n0i	H	GNVTQAFGRRGPEQTQGNFGDQELIRQGTDYKHWPQIAQFAPSASAFFGMSRIGMEVTPSGTWLTYTGAIKLDDKDPNFKDQVILLNKHIDAYKTFPPTE	100	41.45044247787611	35.58446270543616	85.79340075853351	0.4	0.2739	0.4942983712347211	0.3625626459085673	0.36706	0.27374		
W0FBY3	6su5_A	6su5	A	MRILEPWNRWYRQKGVYRIRGTPPHYIVLHHTAGPVDQAPEVIRDFHEKGRGWPHIGYHYLVYQDGRVYKTLPNNAIPICVREFNPVSLCIAAVGDFSQGPAWPDNAPGWKALLELKDALVKAYPKAVLVLHKELTQTTCPGVLSWGMVAEKGGK	155		85.24204508856683	90.8316264090177	0.97208		0.9351110254509062		0.96526		0.9421505067165642	
